comment,title
#早餐•2021年9月27日#,快手早餐三明治🥪
#早餐•2021年4月14日#,快手早餐三明治🥪
#午餐•2022年1月14日#,快手早餐三明治🥪
缺了点蔬菜,快手早餐三明治🥪
今天是午餐肉煎蛋奶酪酸黄瓜三明治#早餐•2021年9月12日# #就是这么简单快手~#,快手早餐三明治🥪
培根鸡蛋酸黄瓜奶酪三明治#早餐•2021年8月30日# #❤诗与远方❤#,快手早餐三明治🥪
"早安～母亲节快乐🌹🎉
#芯程烘焙小记# 
#早餐•2022年5月8日#",快手早餐三明治🥪
"早安！
#定格我的早餐瞬间#",快手早餐三明治🥪
"继续我和老文文的早餐
玛喜达
🥪🥪🥪
#早餐•2021年12月3日#",快手早餐三明治🥪
好吃#早餐•2022年6月18日#,快手早餐三明治🥪
#早餐•2021年7月12日# 真的好快手，几分钟就可以吃一顿丰盛的早餐🥣,快手早餐三明治🥪
紫薯包、火腿番茄鸡蛋三明治、热枇杷秋梨膏水、血橙、枸杞鱼胶脱脂奶#早餐•2022年4月25日#,快手早餐三明治🥪
做给儿子的便当，今天去打校际篮球赛，加油😝😝#晚餐•2022年4月20日#,快手早餐三明治🥪
今日份的早餐🥪#早餐•2021年4月8日#,快手早餐三明治🥪
#早餐•2021年3月18日# #三明治🥪！#,快手早餐三明治🥪
#早餐•2022年6月7日#,快手早餐三明治🥪
#早餐•2021年2月19日# 溏心蛋,快手早餐三明治🥪
#早餐•2021年12月30日#,快手早餐三明治🥪
分享图片,🥪鸡蛋火腿三明治
这款鸡蛋火腿三明治绝绝子啊！营养又均衡，做起来也简单，以后经常安排一下🤪#早餐•2021年8月13日#,🥪鸡蛋火腿三明治
#午餐•2022年6月21日#  #一人食。#,🥪鸡蛋火腿三明治
#早餐•2022年5月30日#,🥪鸡蛋火腿三明治
#早餐•2022年4月5日#,🥪鸡蛋火腿三明治
分享图片,🥪鸡蛋火腿三明治
#早餐•2022年4月13日# 疫情期间的低配生活，团购的吐司+牛奶，发的午餐肉+黄瓜，鸡蛋是封之前超市买的。,🥪鸡蛋火腿三明治
#早餐•2021年4月5日# 生菜鸡蛋三明治,🥪鸡蛋火腿三明治
#早餐•2022年4月14日# 疫情期间的低配生活，今天第二次做三明治，吐司没切边，缠裹得更紧实一些，似乎进步了,🥪鸡蛋火腿三明治
#早餐•2022年3月16日# 😊  很快手  哈哈哈哈哈  简简单单 几分钟搞定,🥪鸡蛋火腿三明治
昨晚吃了好多肉所以搞了个简版的也没放芝士片,🥪鸡蛋火腿三明治
分享图片,🥪鸡蛋火腿三明治
#早餐•2020年7月4日#,🥪鸡蛋火腿三明治
终于吃上了断了十来天的吐司，没生菜用黄瓜代替#早餐•2022年4月16日#,🥪鸡蛋火腿三明治
没有火腿，鸡蛋三明治#早餐•2022年4月11日#,🥪鸡蛋火腿三明治
#早餐•2022年6月1日# 六一节做个可爱的早餐三明治～把一片面包拉开一个窗口，打进去鸡蛋、洋葱碎、青椒碎、鱼肠块、黑胡椒，待凝固后把切下来的三明治补回去，翻过来再加生菜、沙拉酱，放上另一片完整的面包，最后切开涂上番茄酱，大功告成！好吃的...,🥪鸡蛋火腿三明治
棒！,🥪鸡蛋火腿三明治
面包片夹生菜加花生酱加煎鸡蛋夹面包片加煎火腿加芝士片夹面包片，一共三层，超级大个三明治,🥪鸡蛋火腿三明治
我的三明治我做主！谢谢方主，吃一半就撑了，下次材料减半😂,随意任性发挥的早餐三明治
"今日早餐，到现在才有空发上来😁
充实的早餐支撑一天的元气～
本想给它包个漂亮的纸盒，无奈手残党做不出来，捂脸啊～
#早餐•2020年5月11日#",随意任性发挥的早餐三明治
元气早餐✌️,随意任性发挥的早餐三明治
牛油果废了又舍不得扔#早餐•2020年6月6日# #早餐就是拿来享受的#,随意任性发挥的早餐三明治
"#午餐•2021年3月21日# 
炒了蟹柳滑蛋，用蕃茄和生菜夹了面包做三明治，周末享受慢生活。",随意任性发挥的早餐三明治
😁😁😁,随意任性发挥的早餐三明治
小宝的早餐，三明治，一块鸡排、一个煎蛋、一片芝士、一片西红柿，配了牛奶。#早餐•2021年11月25日#,随意任性发挥的早餐三明治
用全麦吐司做的，看起来还不错。#早餐•2019年11月10日#,随意任性发挥的早餐三明治
"好像不该用三明治 应该是二明治了哈哈哈～～
面包两片 材料随意 加点沙拉酱 
完事～～～ 简单快速 好吃不腻👍",随意任性发挥的早餐三明治
,随意任性发挥的早餐三明治
芝士片，肉松，生菜，火腿片，鸡蛋，沙律酱，吃完好饱…,随意任性发挥的早餐三明治
保鲜膜裹着吃起来就不会散，开学第一餐，儿子赏脸，吃了一半！牛油果西红柿生菜培根鸡蛋，想吃什么夹什么！,随意任性发挥的早餐三明治
#早餐•2020年6月2日#,随意任性发挥的早餐三明治
#早餐•2022年6月27日#,芝士鸡蛋三明治🥪
没有什锦蔬菜包和火腿，平替版青豆和剩肉～味道也还是不错哒～#早餐•2022年4月26日#,芝士鸡蛋三明治🥪
#早餐•2022年5月4日#,芝士鸡蛋三明治🥪
#早餐•2022年8月1日#,芝士鸡蛋三明治🥪
包不进去的摊了个小小的饼#晚餐•2022年7月6日#,芝士鸡蛋三明治🥪
#晚餐•2022年7月6日# 表演成功！,芝士鸡蛋三明治🥪
"#午餐•2022年5月6日# 
用的全麦面包～比较薄把两片合在一起啦。",芝士鸡蛋三明治🥪
这真的很好吃,芝士鸡蛋三明治🥪
分享图片,芝士鸡蛋三明治🥪
好吃,芝士鸡蛋三明治🥪
⊙ω⊙第一次做这款三明治，有点火大了,芝士鸡蛋三明治🥪
分享图片,芝士鸡蛋三明治🥪
分享图片,芝士鸡蛋三明治🥪
小朋友说太好吃了,芝士鸡蛋三明治🥪
蔬菜提前煮熟，做一下就很方便了,芝士鸡蛋三明治🥪
没有加蔬菜也好好吃！,芝士鸡蛋三明治🥪
火候没有掌握好 面包有点焦了 味道可以,芝士鸡蛋三明治🥪
虽繁琐，但治挑食，😄,芝士鸡蛋三明治🥪
#早餐•2020年3月25日#                      今天的早餐真是超～🈵足啊😋！好喜欢这种厚实的感觉😍，切开的一瞬间～充🈵各种惊喜🥰！早安～🌹🌹🌹,随意任性发挥的早餐三明治
来，张嘴，放不下😬#早餐•2020年3月22日#,随意任性发挥的早餐三明治
"「胖嘟嘟的任性三明治」

：喂，妖妖零吗？有只爪闯进了我的镜头

喵：喵喵喵🐱

哈哈哈😄傻乎乎的一天早餐#早餐•2019年4月10日#",随意任性发挥的早餐三明治
"今日份早餐♥️
全麦面包片
➕生菜
➕🥕丝
➕紫甘蓝
➕煎🥚
➕紫薯泥
➕千岛酱
日常家庭用菜，很好做
对于我有个每天早起要上网课、不爱吃早饭的弟弟来说，这份早餐简直太棒了👏#早餐•2020年3月26日#",随意任性发挥的早餐三明治
晚上去超市逛了下随便买了点食材，准备好明天的早餐。营养百分～#早餐•2020年1月14日#,随意任性发挥的早餐三明治
#早餐•2020年7月14日# 满足～,快手早餐三明治
早餐✌️#早餐•2021年9月30日#,快手早餐三明治
分享图片,快手早餐三明治
#早餐•2020年10月27日#,快手早餐三明治
#早餐•2021年7月6日#,快手早餐三明治
#早餐•2022年1月2日#,快手早餐三明治
愛下廚房#簡單生活# #早餐•2021年9月1日#,快手早餐三明治
#早餐•2021年1月2日#,快手早餐三明治
#早餐•2020年8月9日#,快手早餐三明治
特别好吃，自己买的三明治袋子，跟超市买的一样哈,快手早餐三明治
不喜欢吃生菜，只放了沙拉，火腿，鸡蛋，颜色好看，味道刚好，配上牛奶🥛有种小资的赶脚！嘻～😘,快手早餐三明治
#早餐•2020年8月18日#,快手早餐三明治
#早餐•2022年6月12日#,快手早餐三明治
#早餐•2022年4月1日#,快手早餐三明治
好吃。不要芝士片一样好吃,快手早餐三明治
加了凯撒沙拉酱，超好吃😘😘#晚餐•2022年1月7日#,【减脂快手三明治最佳公式】
随便裹了，有啥裹啥,【减脂快手三明治最佳公式】
简单的做了下，味道还不错。,【减脂快手三明治最佳公式】
#早餐•2021年3月17日#,【减脂快手三明治最佳公式】
#早餐•2022年1月10日#,【减脂快手三明治最佳公式】
分享图片,【减脂快手三明治最佳公式】
分享图片,【减脂快手三明治最佳公式】
分享图片,【减脂快手三明治最佳公式】
感觉做出来的三明治有点包不住啊，这个要怎么样才能包住啊#午餐•2021年3月26日#,【减脂快手三明治最佳公式】
希望尊重别人的劳动成果，谢谢。,【减脂快手三明治最佳公式】
分享图片,【减脂快手三明治最佳公式】
分享图片,【减脂快手三明治最佳公式】
真的很美味！,【减脂快手三明治最佳公式】
没买到紫薯用红薯代替,【减脂快手三明治最佳公式】
#早餐•2021年3月14日#,【减脂快手三明治最佳公式】
#早餐•2022年4月19日# 吐司🍞是自己烤的，火腿多煎了一块，留着怕没人吃，硬是叠加上去了😂厚厚的一层😁,快手早餐三明治
分享图片,快手早餐三明治
分享图片,快手早餐三明治
好吃！～,【减脂快手三明治最佳公式】
"红薯塔（沙拉肉松&蜂蜜黑芝麻）
底座用拿铁泡过 抹茶全麦吐司软软的～
上面是蜜薯~甜甜糯糯+肉松&黑芝麻粉～",【减脂快手三明治最佳公式】
It’s very nice！#早餐•2021年3月13日#,【减脂快手三明治最佳公式】
#早餐•2021年6月24日# 蔬菜三明治，今天换了生菜，夏天可以直接夹生菜，冬天最好用胡萝卜和黄瓜，用油稍微煸炒一下，那样吃起来就不会很凉,蔬菜三明治
#早餐•2021年7月31日#今天蔬菜换成了牛油果，煮鸡蛋压碎加上火腿丁、沙拉酱拌匀，撒上黑胡椒，换个口味吃吐司#彩虹糖72的烘焙之路#,蔬菜三明治
#晚餐•2021年5月2日# 刷一下自己的菜谱，夹馅换成了煮鸡蛋切片、烤里脊肉、牛油果、生菜叶，根据自己喜欢以及身边原材料，做出来三明治既可以早餐也可以午饭，也可以夜宵，想吃热的可以早餐机加热一下，真是万能的食品啊,蔬菜三明治
做个三明治明天吃午饭#晚餐•2021年11月24日#,蔬菜三明治
#午餐•2022年5月27日#,蔬菜三明治
#晚餐•2022年4月20日# 三明治，给爸妈吃早餐，有肉、有菜、有蛋，营养均衡，而且柔软易消化，适合老年人的早餐,蔬菜三明治
#晚餐•2022年3月27日# 接到任务，要求做一份营养餐，包括：全麦吐司、鸡蛋、鸡肉、紫甘蓝、胡萝卜、西红柿、西兰花，只有做三明治最合适了，正好刷一下自己的菜谱，换成了相应的原材料，很好吃、很健康啊！,蔬菜三明治
#早餐•2022年3月2日#,蔬菜三明治
#早餐•2021年5月6日#,蔬菜三明治
#早餐•2021年6月24日#,蔬菜三明治
#晚餐•2022年3月2日# 我很欣慰闺女是个细心又有爱心的孩子，今天宿舍有个小姐妹要夜里11点多抵津，闺女说她折腾一整天了，回来肯定又累又饿，让我给准备点晚饭，做了三明治有肉有蛋有蔬菜，还不怕凉，全宿舍每人来一份，这是惯例😂,蔬菜三明治
#午餐•2022年1月19日#,蔬菜三明治
#早餐•2021年6月23日#,蔬菜三明治
"一次能吃俩！！！ 
土豆泥加牛奶放进破壁机打烂
然后蔬菜炒了，加半包番茄沙司和鸡精加点点盐，味道够了就直接拌土豆泥不加调料了，美味！！！
这样就不需要加沙拉酱了，超级减脂🤤🤤",便利店同款 超好吃的土豆泥三明治❗️
#午餐•2021年9月28日#,便利店同款 超好吃的土豆泥三明治❗️
好吃😋,便利店同款 超好吃的土豆泥三明治❗️
对于不爱绿叶蔬菜不爱西红柿不爱黄瓜的女儿来说这种三明治无疑是非常好的选择，她给五星好评！感谢分享！👍#早餐•2021年10月2日#,便利店同款 超好吃的土豆泥三明治❗️
第一次尝试，看上去就很治愈❤️,便利店同款 超好吃的土豆泥三明治❗️
#早餐•2022年5月1日# 蛋黄酱土豆泥三明治和绿豆豆浆,便利店同款 超好吃的土豆泥三明治❗️
无蛋版土豆泥三明治，黑胡椒很香#晚餐•2021年6月5日#,便利店同款 超好吃的土豆泥三明治❗️
#早餐•2022年4月26日#,便利店同款 超好吃的土豆泥三明治❗️
好吃😋,便利店同款 超好吃的土豆泥三明治❗️
#早餐•2022年4月29日# 谢谢分享，很好吃！,便利店同款 超好吃的土豆泥三明治❗️
绝 一天的碳水，一顿吃,便利店同款 超好吃的土豆泥三明治❗️
"#午餐•2022年4月16日# 
好吃！尤其面包烤的酥脆一口咬下去绝了！",便利店同款 超好吃的土豆泥三明治❗️
#晚餐•2021年12月30日#,便利店同款 超好吃的土豆泥三明治❗️
#早餐•2022年5月5日#,便利店同款 超好吃的土豆泥三明治❗️
分享图片,便利店同款 超好吃的土豆泥三明治❗️
分享图片,便利店同款 超好吃的土豆泥三明治❗️
"#早餐•2022年3月18日# 
青春才几年，疫情占三年
我们总以为来日方长…
却忘记了事事无常…
珍惜当下每一天…
又下雪了⛄⛄",芝士厚蛋烧三明治
"#早餐•2021年10月11日# 
芝士厚蛋烧三明治 红萝卜黑豆浆
酱被我挤得很丑😂
大公子起床的第一件事就是跑餐桌先看一眼
哎呦……这个被他发出降调的语气词是什么情况 
人家是嫌弃

生活不经常是有趣的
总要做一些喜欢的事情安慰时光
#家...",芝士厚蛋烧三明治
漂亮又好吃～ 放了沙拉酱肉松、厚蛋烧、生菜,芝士厚蛋烧三明治
#早餐•2021年4月21日# 少了点绿叶蔬菜🥬,芝士厚蛋烧三明治
#早餐•2021年3月30日#,芝士厚蛋烧三明治
#早餐•2020年10月21日# 牛油果捣碎加了点黑胡椒 培根应该提前化好 用了一大个老式面包 吃了两顿,芝士厚蛋烧三明治
"芝士厚蛋烧三明治#早餐•2021年11月20日# 
美好的一天开始了～
一顿健康美味营养丰富的早餐
开始了我们一天美好的生活
更适合承载我们对生活的期待",芝士厚蛋烧三明治
#早餐•2021年1月28日# 好吃，就是热量有点高,芝士厚蛋烧三明治
跟着这个配方做、味道简直绝绝子❤️❤️#早餐•2021年7月23日#,芝士厚蛋烧三明治
"本学期最后一天啦，加油💪
🍀今日早餐🍀：芝士厚蛋烧三明治+橙子+火龙果酸奶#早餐•2021年6月23日#",芝士厚蛋烧三明治
"用昨晚烤的黑麦吐司🍞1/3做的
内测抹丘比蛋黄酱
夹了生菜 芝士片2片 火腿片 牛奶煎蛋🍳
淋上丘比沙拉酱
家人很喜欢😍
#早餐•2021年8月15日# #早餐早餐#",芝士厚蛋烧三明治
南瓜吐司做的厚蛋烧+厚乳拿铁,芝士厚蛋烧三明治
#早餐•2020年10月12日# 嗷呜😋,芝士厚蛋烧三明治
#早餐•2022年5月15日# 有厨友问我这个能不能斜切，今天就来一个斜切的，其实很多事情都是这样，没有必须怎么样，要尝试各种风格，会有不同的体会，早上好了！,蔬菜三明治
#早餐•2021年10月24日#,蔬菜三明治
分享图片,蔬菜三明治
第一次做，看起来还不错#晚餐•2022年3月21日#,蔬菜三明治
#早餐•2021年8月26日#,蔬菜三明治
分享图片,便利店同款 超好吃的土豆泥三明治❗️
#早餐•2022年4月9日#,便利店同款 超好吃的土豆泥三明治❗️
味道很棒棒呀～学了叠三明治纸盒的方法，不用上网买了哈哈哈哈哈#早餐•2021年8月15日#,芝士厚蛋烧三明治
"不给不给
这是我的早饭啦！#早餐•2021年5月14日#",芝士厚蛋烧三明治
#晚餐•2022年3月8日# 自己烤的吐司面包差点糊了😂,芝士厚蛋烧三明治
#早餐•2021年11月23日#,芝士厚蛋烧三明治
#早餐•2020年11月19日# 不错不错，我家胖娃竟然担心自己吃不完。😂😂,芝士厚蛋烧三明治
#早餐•2020年6月9日#,超级好吃的黄金三明治🥪
黄金三明治🥪第一次做成功,超级好吃的黄金三明治🥪
"昨天早上烤箱温度按照菜谱设置，上楼洗漱，结果收货了焦炭，捂脸（*/∇＼*）
今早将上下管调成150℃，10分钟，表皮微焦，恰恰好。
#早餐•2021年1月20日#",超级好吃的黄金三明治🥪
黄金三明治，和外面买来的味道一模一样,超级好吃的黄金三明治🥪
,超级好吃的黄金三明治🥪
只做了三层，太厚了不好张嘴咬😄,超级好吃的黄金三明治🥪
"一个下去撑S
#早餐•2019年7月30日##每日经营之美食事业##没有蛋，怎么办#",超级好吃的黄金三明治🥪
十分好吃！,超级好吃的黄金三明治🥪
简单的早餐、味道还不错、没有夹肉松，就是有点烤深了 很喜欢,超级好吃的黄金三明治🥪
"#早餐•2020年4月24日# 
一层换成了荷包蛋，切下的边条找了点烤肠炒了一下挺不错的",超级好吃的黄金三明治🥪
好味#早餐•2020年3月9日#,超级好吃的黄金三明治🥪
第一次做有点不好看😂，没生菜加的别的菜，酱是用的番茄酱#早餐•2021年8月9日#,快手早餐三明治🥪
#早餐•2021年8月3日#,快手早餐三明治🥪
#晚餐•2021年7月6日#,快手早餐三明治🥪
#早餐•2021年7月6日#,快手早餐三明治🥪
🥪🥪🥪🥗🥗🥗,快手早餐三明治🥪
#早餐•2021年2月15日#,快手早餐三明治🥪
"早安！
#早餐•2022年6月21日#",快手早餐三明治🥪
#早餐•2021年12月10日#,快手早餐三明治🥪
用的鸡排，很好吃#早餐•2021年7月31日#,快手早餐三明治🥪
#早餐•2021年7月8日#,快手早餐三明治🥪
第一次做，保鲜膜是真的难切开，我怎么都压不紧实呢#早餐•2021年3月28日#,快手早餐三明治🥪
#早餐•2021年8月14日# 没有肉肉放了一些圆生菜，制作简单，微波了一分半钟😎很不错,2分钟微波炉早餐☞简易三明治🥪☞上班族懒人必备
觉得还不错，没芝士，用火腿围城一个圈打了个鸡蛋，戳破，撒上火腿碎，盖上另一片，微波炉高火一分半，拿出来，吃,2分钟微波炉早餐☞简易三明治🥪☞上班族懒人必备
#早餐•2022年7月21日#鸡蛋拿牙签戳了戳，微波炉高火1分钟，怕鸡蛋没熟又加了十秒左右。非常方便👌,2分钟微波炉早餐☞简易三明治🥪☞上班族懒人必备
提前要戳穿鸡蛋，让他和面包融合，一会儿融合完之后再下芝士，还有午餐肉，再用微波炉叮两分钟。😀😀😀,2分钟微波炉早餐☞简易三明治🥪☞上班族懒人必备
成功啦,2分钟微波炉早餐☞简易三明治🥪☞上班族懒人必备
好久没有自己做早餐了🌝,2分钟微波炉早餐☞简易三明治🥪☞上班族懒人必备
分享图片,2分钟微波炉早餐☞简易三明治🥪☞上班族懒人必备
非常不错！可操作性非常强！好吃！（我放的是番茄酱）,2分钟微波炉早餐☞简易三明治🥪☞上班族懒人必备
不错😌,2分钟微波炉早餐☞简易三明治🥪☞上班族懒人必备
分享图片,2分钟微波炉早餐☞简易三明治🥪☞上班族懒人必备
这次做的有点失败😅😅,2分钟微波炉早餐☞简易三明治🥪☞上班族懒人必备
面包和火腿我煎了一下，超级方便，不用自己煎鸡蛋哈哈哈哈哈哈,2分钟微波炉早餐☞简易三明治🥪☞上班族懒人必备
分享图片,2分钟微波炉早餐☞简易三明治🥪☞上班族懒人必备
✨寻常小日，最为珍贵,2分钟微波炉早餐☞简易三明治🥪☞上班族懒人必备
😝😝,超级好吃的黄金三明治🥪
出锅的忘拍了,超级好吃的黄金三明治🥪
,超级好吃的黄金三明治🥪
,超级好吃的黄金三明治🥪
,超级好吃的黄金三明治🥪
成功，孩子说简直太好吃了😄,超级好吃的黄金三明治🥪
好吃~,超级好吃的黄金三明治🥪
#早餐•2021年3月11日#,快手早餐三明治🥪
#早餐•2021年1月2日#,快手早餐三明治🥪
#早餐•2022年4月28日#,快手早餐三明治🥪
#早餐•2021年12月15日#,快手早餐三明治🥪
#早餐•2021年8月27日#每天不知道吃什么早点，看看下厨房应有尽有，哈哈,快手早餐三明治🥪
#早餐•2021年8月12日#早餐三明治🥪,快手早餐三明治🥪
#早餐•2021年7月20日#,快手早餐三明治🥪
分享图片,2分钟微波炉早餐☞简易三明治🥪☞上班族懒人必备
好吃😋#早餐•2022年6月4日#,🥪鸡蛋火腿三明治
#早餐•2022年7月31日#其实是大前天的午餐，蔬菜只有黄瓜，其他跟楼主的一样，很好吃，选的淡蛋黄酱,🥪鸡蛋火腿三明治
"滴滴打卡～减脂三明治🥪，加了西红柿味道超级清新，火腿是妈妈自家加工的🤗营养又健康～
顶呱呱😘
#晚餐•2022年5月28日#",🥪鸡蛋火腿三明治
#午餐•2022年4月28日# 忘记放鸡蛋了,🥪鸡蛋火腿三明治
,🥪鸡蛋火腿三明治
#早餐•2022年8月1日#,🥪鸡蛋火腿三明治
#午餐•2022年6月26日# 带出去的野餐盒，大赞！超级有食欲,🥪鸡蛋火腿三明治
#午餐•2022年4月11日#,🥪鸡蛋火腿三明治
用我长芽的土豆和冻了的生菜#晚餐•2022年4月8日#,🥪鸡蛋火腿三明治
没有芝士也好吃,🥪鸡蛋火腿三明治
忘记拍细节图了，野营带上，美味又好看,🥪鸡蛋火腿三明治
三明治,🥪鸡蛋火腿三明治
疫情居家隔离，做了很多次鸡蛋芝士三文治🥪，真的太好吃了！,🥪鸡蛋火腿三明治
今天的夜宵,🥪鸡蛋火腿三明治
第一次尝试，完美，好喜欢,🥪鸡蛋火腿三明治
加了2个鸡蛋，全麦面包,🥪鸡蛋火腿三明治
分享图片,🥪鸡蛋火腿三明治
"#早餐•2021年4月10日# 
早餐我都比较头疼，因为闺女好多东西都不爱吃，结果烤了一个大土司，每天变着花样的做三明治，然后配上一杯牛奶，妥妥的满足了她的胃",三明治万能公式｜满足你的心和胃❤️
"生菜红薯泥鸡蛋三明治
一整个吃不完 就做成了开放式的 只需要一片面包 就是嘴巴要张很大
#早餐•2020年8月12日#",三明治万能公式｜满足你的心和胃❤️
#早餐•2022年3月24日#,三明治万能公式｜满足你的心和胃❤️
分享图片,三明治万能公式｜满足你的心和胃❤️
,三明治万能公式｜满足你的心和胃❤️
方便！,三明治万能公式｜满足你的心和胃❤️
分享图片,三明治万能公式｜满足你的心和胃❤️
"#社畜的日常# #一人食# 又是我朴实无华的拍照手法
做的是虾仁煎蛋全麦三明治，今天腌鸡腿和屯新的蒜泥，顺便买了材料做的三明治
嫌麻烦一口气把一周的早餐全做了，没有蔬菜且包了保鲜膜应该不容易坏
新鲜的虾仁果然很不错，自带鲜甜的本味【偷吃",三明治万能公式｜满足你的心和胃❤️
培根鸡蛋蟹柳🥓🥚🦀️,三明治万能公式｜满足你的心和胃❤️
肉松蛋三明治🥪#早餐•2022年5月5日#,三明治万能公式｜满足你的心和胃❤️
#午餐•2021年4月25日#,三明治万能公式｜满足你的心和胃❤️
分享图片,三明治万能公式｜满足你的心和胃❤️
日式极简风鸡蛋三明治～鸡蛋打碎后香味发散～口感细腻～细细品味～#早餐•2022年4月14日#,日本711同款鸡蛋三明治，好吃好吃
#早餐•2020年7月29日#,日本711同款鸡蛋三明治，好吃好吃
喜欢湿润的口感又多加了5g牛奶#早餐•2020年10月21日#,日本711同款鸡蛋三明治，好吃好吃
#早餐•2021年6月4日# 以为会做得不好吃，吃起来觉得还不错！哈哈哈哈,日本711同款鸡蛋三明治，好吃好吃
#早餐•2020年8月16日#放了黑胡椒和沙拉酱 好吃！,日本711同款鸡蛋三明治，好吃好吃
#早餐•2020年6月25日# 第一次尝试，买了同款酱，因为减肥所以都light款，放的有点少，味道比较淡，但是加了蟹肉棒，很好吃，很鲜。,日本711同款鸡蛋三明治，好吃好吃
#早餐•2021年8月21日#,日本711同款鸡蛋三明治，好吃好吃
#早餐•2020年9月22日#,日本711同款鸡蛋三明治，好吃好吃
"#早餐•2021年7月25日# 

其实不太会做三明治，嫌麻烦🤣

用前两天做的黑麦面包做了个简单的鸡蛋三明治，还是嫌麻烦😂 我的极限应该就是面包抹蜂蜜＋蛋黄＋蛋白撒黑胡椒盐，结束🔚",日本711同款鸡蛋三明治，好吃好吃
"在白煮蛋拌的鸡蛋沙拉里又加了点黄瓜丁
清清爽爽的！
#MOMMAE# #早餐•2021年4月11日#",日本711同款鸡蛋三明治，好吃好吃
#早餐•2019年11月17日# 炸虾三明治，没有压实，组装好了直接吃，,随意任性发挥的早餐三明治
闲来无事自制三明治，把家里有的材料都用上了,随意任性发挥的早餐三明治
"三明治
#早餐•2022年3月10日#",随意任性发挥的早餐三明治
今天是火腿片版本，搭配依然如旧。#早餐•2020年4月23日#  #早上来不及拍照系列#,随意任性发挥的早餐三明治
早安！今日又任性了一把，三明治的故事，永远都精彩万分！#跟着厨蜜晒早餐# #一人食#,随意任性发挥的早餐三明治
简约版,随意任性发挥的早餐三明治
香呀香呀,随意任性发挥的早餐三明治
#便当#,随意任性发挥的早餐三明治
哈哈哈哈 就是不知道咋包  不过还挺完美，可惜我牙疼张不开嘴 😭😭,随意任性发挥的早餐三明治
分享图片,随意任性发挥的早餐三明治
国庆节早，自制三明治，享受一道丰盛的早餐[偷笑],随意任性发挥的早餐三明治
不错，很好吃,随意任性发挥的早餐三明治
,随意任性发挥的早餐三明治
吐司皮用鸡蛋裹着不粘锅煎了一下，香香的#早餐•2020年5月8日#,随意任性发挥的早餐三明治
#早餐•2020年4月17日# #一人食#,随意任性发挥的早餐三明治
分享图片,🥪鸡蛋火腿三明治
减脂早餐，好吃～,三明治万能公式｜满足你的心和胃❤️
#社畜的日常# #晚餐•2021年4月7日# 准备明后天的早餐和明天的水果～今天做菜有鸡胸肉和西红柿都顺手加在了三明治里，比平常的鸡蛋火腿更丰富~吐司用完了，前天去超市买了手抓饼，下次就做手抓饼做早餐啦,三明治万能公式｜满足你的心和胃❤️
万物皆可三明治🥪,三明治万能公式｜满足你的心和胃❤️
分享图片,三明治万能公式｜满足你的心和胃❤️
#早餐•2021年7月25日#,三明治万能公式｜满足你的心和胃❤️
简单版三明治,三明治万能公式｜满足你的心和胃❤️
不错,日本711同款鸡蛋三明治，好吃好吃
#早餐•2021年1月29日# 鸡蛋黄瓜三明治🥪+咖啡☕️～,日本711同款鸡蛋三明治，好吃好吃
#早餐•2021年7月27日#,日本711同款鸡蛋三明治，好吃好吃
#早餐•2021年7月6日# 略有点腻，总体很成功！,日本711同款鸡蛋三明治，好吃好吃
#早餐•2020年9月13日# 蛋黄过筛后很细腻 软绵绵的 沙拉酱还没到 我只放了蛋黄酱跟黑胡椒 味道清淡 配一杯三顿半咖啡 作为早餐很棒,日本711同款鸡蛋三明治，好吃好吃
加馅儿应该再多加一些,日本711同款鸡蛋三明治，好吃好吃
,日本711同款鸡蛋三明治，好吃好吃
#早餐•2021年8月2日#,日本711同款鸡蛋三明治，好吃好吃
#早餐•2020年2月5日#,随意任性发挥的早餐三明治
早餐早餐,随意任性发挥的早餐三明治
加了火腿橄榄鸡蛋西红柿🍅,随意任性发挥的早餐三明治
#早餐•2020年8月26日#,鸡蛋火腿三文治
分享图片,鸡蛋火腿三文治
#早餐•2020年8月25日#,鸡蛋火腿三文治
#早餐•2020年8月22日#,鸡蛋火腿三文治
#早餐•2020年9月5日#,鸡蛋火腿三文治
很好吃,鸡蛋火腿三文治
#早餐•2020年8月20日#,鸡蛋火腿三文治
#早餐•2020年9月3日#,鸡蛋火腿三文治
,鸡蛋火腿三文治
分享图片,鸡蛋火腿三文治
分享图片,鸡蛋火腿三文治
分享图片,鸡蛋火腿三文治
#早餐•2020年8月21日#,鸡蛋火腿三文治
分享图片,鸡蛋火腿三文治
分享图片,鸡蛋火腿三文治
分享图片,鸡蛋火腿三文治
配方简单，营养均衡，感谢食谱～ #晚餐•2021年3月6日#,【减脂快手三明治最佳公式】
分享图片,【减脂快手三明治最佳公式】
#午餐•2021年8月2日# 芜湖！！紫薯泥万岁！！,【减脂快手三明治最佳公式】
#午餐•2021年8月18日#,【减脂快手三明治最佳公式】
"——与你，天天，一起吃早餐，早安！❤️
每天都一样，每天都不一样，三明治是女儿的最爱。面包麦片女儿每天吃都不腻。而我如果早上起来没有喝一碗热乎乎的粥，吃太多东西都感觉没吃早饭。最爱年糕过粥，去年入冬以来已经吃了60斤了，再想着是否还要再买些...",【减脂快手三明治最佳公式】
分享图片,【减脂快手三明治最佳公式】
#午餐•2021年3月18日#,【减脂快手三明治最佳公式】
"做的没up主好看哈，料也没那么多😂
不过还是可以滴！下次加点酱料好了，味道有点寡淡",【减脂快手三明治最佳公式】
我想问问这个热量有多少,【减脂快手三明治最佳公式】
分享图片,【减脂快手三明治最佳公式】
分享图片,【减脂快手三明治最佳公式】
分享图片,【减脂快手三明治最佳公式】
分享图片,【减脂快手三明治最佳公式】
#早餐•2021年5月19日#,【减脂快手三明治最佳公式】
第一次做蛮有趣，自己动手，丰衣足食。#晚餐•2021年10月28日#,【减脂快手三明治最佳公式】
"#早餐•2022年4月7日# 
早呀",快手早餐三明治
满意😂😂#晚餐•2021年11月4日#,快手早餐三明治
分享图片,快手早餐三明治
,快手早餐三明治
#早餐•2022年5月31日#,快手早餐三明治
,快手早餐三明治
做了两层的好饱啊，好好吃,快手早餐三明治
#早餐•2020年7月29日#准备的吐司片有点小，就没再对角切,快手早餐三明治
分享图片,快手早餐三明治
#早餐•2020年3月15日#,快手早餐三明治
"感觉做这个三明治都不需要参照食谱了，自己想加啥加啥~
随心而做，个人觉得三明治不要加太多东西
1、9月30号，特地为了1号要做三明治去超市买生菜，紫薯
尤朵拉买了全麦面包
2、睡前预约炖黑豆汤的时候，顺便把紫薯放在上面一起蒸熟，不需...",快手早餐三明治
"#午餐•2022年5月2日# 带娃去河边野炊一下
没有芝士片的三明治没有灵魂",快手早餐三明治
#早餐•2022年3月13日# 牛肉午餐肉版,快手早餐三明治
分享图片,快手早餐三明治
抹上沙拉酱加上北极虾,快手早餐三明治
"方子真好 简单好上手
前几天去面包房 看到走白切三文治🥪 想买 要15💰 于是乎 拿了两袋打折面包片 回家自己搞

  然后遇到了可爱的方🐷 就按着方子搞 诶 还不错 真想

 就是做的太急了 火腿肠没有煎（该是忘记火腿肠存在了 随手切片生...",快手早餐三明治
#午餐•2021年11月27日#,超简单早午餐三明治
#早餐•2021年7月20日#,超简单早午餐三明治
#早餐•2021年12月2日#,超简单早午餐三明治
#早餐•2021年11月23日#,超简单早午餐三明治
#早餐•2021年7月9日#  加上一份牛奶 半个就管饱了,超简单早午餐三明治
#早餐•2021年9月10日# 满满正能量,超简单早午餐三明治
#早餐•2021年8月21日#,超简单早午餐三明治
耶斯莫拉#早餐•2022年3月6日#,超简单早午餐三明治
#午餐•2021年11月5日#,超简单早午餐三明治
"三明治➕鲜虾牛油果沙拉➕ABC果汁(苹果甜菜胡萝卜榨汁)
没吃早饭所以中午多吃点~
#一人餐# #午餐•2021年9月8日#",超简单早午餐三明治
#早餐•2021年8月13日#,超简单早午餐三明治
#早餐•2021年6月4日#,超简单早午餐三明治
好吃的三明治，颜值在线，营养均衡，家人喜欢吃。主要有生菜，午餐肉，煎蛋，番茄和面包片，涂的是番茄酱，15分钟快手早餐～#早餐•2021年11月20日#,超简单早午餐三明治
#早餐•2021年10月7日# 三明治,超简单早午餐三明治
#早餐•2022年6月9日# 吃早餐咯,超简单早午餐三明治
#早餐•2021年6月7日#,超简单早午餐三明治
分享图片,鸡蛋火腿三文治
,鸡蛋火腿三文治
分享图片,【减脂快手三明治最佳公式】
分享图片,【减脂快手三明治最佳公式】
分享图片,【减脂快手三明治最佳公式】
分享图片,快手早餐三明治
"自己种的无花果和蜂蜜葡萄🍇安全👌
最近常翻牌简单快手三明治🥪🥪
专治不吃蔬菜的娃#早餐•2020年7月28日#",快手早餐三明治
#早餐•2021年7月6日#,超简单早午餐三明治
#晚餐•2022年1月14日# 很好吃 减脂晚餐 嘿嘿╰(*´︶`*)╯,超简单早午餐三明治
做了好几个小时！#慧慧挚爱# #贝果#,30种贝果三明治
早餐🥯#慧慧挚爱# #贝果#,30种贝果三明治
这个好玩#慧慧挚爱# #贝果#,30种贝果三明治
"一只开放贝果🥯#慧慧挚爱# #贝果# 
一晚上没睡
陪小盆友看病
早上又赶高铁🚄…",30种贝果三明治
"12月早餐马拉松 Day1:
巧克力贝果🥯+牛油果🥑+虾仁🍤+水饺🥟+热巧克力🍫

转眼间到了2021年的最后一个月了😆好好吃饭哦……


. #seven早餐记#",30种贝果三明治
#午餐•2021年12月30日#,30种贝果三明治
#早餐•2021年9月30日#,30种贝果三明治
#早餐•2022年1月8日#,30种贝果三明治
#早餐•2022年3月15日#,30种贝果三明治
"💛 芝士蟹柳滑蛋 & 鹹蛋黃蝦仁肉鬆 💜
（啟發於po主的menu）
蟹柳滑蛋的精髓是→美乃滋🍯
鹹蛋黃蝦仁的精髓是→鴨屎花生🥜💩+🌶️肉鬆

#午餐•2021年11月30日#",30种贝果三明治
#早餐•2022年6月20日#,30种贝果三明治
#早餐•2022年4月14日# 第七天：牛油果鸡蛋,30种贝果三明治
#晚餐•2022年6月2日# 开放式,30种贝果三明治
"#早餐•2021年6月4日#
 烤过的吐司+芝士和培根是灵魂",芝士厚蛋烧三明治
#早餐•2021年4月28日#有颜值，也好吃的三明治,芝士厚蛋烧三明治
分享图片———与你，天天，一起吃早餐，早安！[爱心][玫瑰]———今天吃三明治，原因昨晚新学会了折三明治纸盒子———这样子的三明治女儿可以吃下一个半，好吧，好吃就好———简单，快捷，营养又全面———女儿出门后，早早把安宝宝引诱起床，配合我留...,芝士厚蛋烧三明治
#早餐•2021年7月22日# 食材不够多，不过口感卖相都不错👌🏻自己做的面包🍞厚切超级爽,芝士厚蛋烧三明治
"#早餐•2021年5月28日# 
好看，美味",芝士厚蛋烧三明治
豪华版的三明治，面包采用生吐司,芝士厚蛋烧三明治
没有芝士片了，鸡蛋液里加了披萨用的芝士条，味道忒诱人了，高颜值高热量😂,芝士厚蛋烧三明治
分享图片,芝士厚蛋烧三明治
#早餐•2021年4月5日#,芝士厚蛋烧三明治
#早餐•2020年12月8日# 配上冰粉超级赞,芝士厚蛋烧三明治
#早餐•2020年10月29日#,芝士厚蛋烧三明治
#早餐•2020年10月28日#,芝士厚蛋烧三明治
今天的早饭，提前做好了，早上不用那么赶了，烤箱考上5分钟左右就OK了,便利店同款 超好吃的土豆泥三明治❗️
还可以哦,便利店同款 超好吃的土豆泥三明治❗️
分享图片,便利店同款 超好吃的土豆泥三明治❗️
#晚餐•2022年3月23日# 面包很小夹不了太多料，当汉堡了,便利店同款 超好吃的土豆泥三明治❗️
不错的，简单好吃，但是容易腻，建议加一片番茄什么的，应该更爽口,便利店同款 超好吃的土豆泥三明治❗️
搅合搅合,便利店同款 超好吃的土豆泥三明治❗️
"土豆泥做粘合剂可以的！比牛油果泥好用，成功地包住了块状的朋友。

两人份（图中x4）的用量大概是：
5个baby potato，煮25min后mesh。原来弯成直角的漏钢铲是干这个用的，太方便了。
2小根baby potato切块。
2小根...",便利店同款 超好吃的土豆泥三明治❗️
分享图片,便利店同款 超好吃的土豆泥三明治❗️
分享图片,便利店同款 超好吃的土豆泥三明治❗️
分享图片,便利店同款 超好吃的土豆泥三明治❗️
胡萝卜和沙拉酱没有了，没放，只放了黑胡椒和盐，味道也还行。方子不错简单,便利店同款 超好吃的土豆泥三明治❗️
"鸡蛋土豆泥三明治
加了三个鸡蛋，一个半土豆，半根胡萝卜，改放了1/4勺盐，5勺沙拉酱，咸度刚刚好，非常成功，lucky(›´ω`‹ )",便利店同款 超好吃的土豆泥三明治❗️
分享图片,便利店同款 超好吃的土豆泥三明治❗️
#早餐•2021年8月14日#,蔬菜三明治
#晚餐•2022年6月2日# 配上牛油果益力多，爽歪歪,蔬菜三明治
"#晚餐•2022年4月25日# 
纯素，忘记买火腿or培根",蔬菜三明治
分享图片,蔬菜三明治
分享图片,蔬菜三明治
分享图片,蔬菜三明治
分享图片,蔬菜三明治
很好吃！加青瓜丝真的太清爽了~~,蔬菜三明治
分享图片,蔬菜三明治
蛮好看，还没有吃，不知道味道怎么样,蔬菜三明治
#让处女座看了很舒心奖#,蔬菜三明治
好吃,蔬菜三明治
分享图片,蔬菜三明治
自己做的贝果抹上自己做的蓝莓乳酪酱，真的一口大满足😋#早餐•2022年5月30日#,30种贝果三明治
芝士蛋奶蔬菜都有。#早餐•2022年5月19日#,30种贝果三明治
#晚餐•2022年5月28日#,30种贝果三明治
"三种口味的贝果
做了三种口味的贝果三明治
（疫情期间太难了 要什么没什么）
咸口的（生菜 荷包蛋 蟹肉棒 松子仁）
甜口的（酸奶➕蓝莓酱 点缀几粒完整的蓝莓）（酸奶 枇杷 葡萄干 核桃仁 黑芝麻核桃碎）
#晚餐•2022年5月27日#",30种贝果三明治
咸口三明治#午餐•2022年5月20日#,30种贝果三明治
"今天也试着做一下，很好吃，蛋很丝滑👍 
吃完喝一杯祛湿茶解腻😘",芝士厚蛋烧三明治
分享图片,芝士厚蛋烧三明治
分享图片,芝士厚蛋烧三明治
满足,芝士厚蛋烧三明治
#早餐•2021年11月13日#,芝士厚蛋烧三明治
绝了，太好吃了,芝士厚蛋烧三明治
很好吃哦😋,便利店同款 超好吃的土豆泥三明治❗️
把土豆换成山药了！不错！！,便利店同款 超好吃的土豆泥三明治❗️
好吃,便利店同款 超好吃的土豆泥三明治❗️
好好吃呀,便利店同款 超好吃的土豆泥三明治❗️
解锁土豆泥新吃法！！拌了一点点沙拉，胡萝卜火腿炒过（吃不来生的） 还不错～,便利店同款 超好吃的土豆泥三明治❗️
开吃吧,蔬菜三明治
超级无敌好吃😄,蔬菜三明治
很成功👍,蔬菜三明治
分享图片,蔬菜三明治
好吃,蔬菜三明治
#午餐•2020年5月26日# 用了牛里脊，浇了黑胡椒汁。我老公吃了三个，我吃了俩~🙈🙈,月瘦10斤关晓彤三明治
,月瘦10斤关晓彤三明治
#早餐•2020年7月14日#,月瘦10斤关晓彤三明治
#早餐•2020年5月21日#两片全麦面包垫底，肉松混合煎蛋跟西红柿汁液一起咬下去，真是满足！😱😱,月瘦10斤关晓彤三明治
,月瘦10斤关晓彤三明治
水煎蛋鸡胸肉黄瓜番茄无酱汁，越吃越饿( •̥́ ˍ •̀ू ),月瘦10斤关晓彤三明治
#早餐•2021年5月19日#,月瘦10斤关晓彤三明治
#早餐•2020年9月3日#,月瘦10斤关晓彤三明治
皇帝的早餐😄,月瘦10斤关晓彤三明治
#早餐•2021年6月4日#,月瘦10斤关晓彤三明治
晚餐一个顶饱#晚餐•2021年7月8日#,月瘦10斤关晓彤三明治
没有包好 感觉是我做的最丑的一款早餐了 哭TAT,月瘦10斤关晓彤三明治
剩了口米饭，也塞进去了。😄,月瘦10斤关晓彤三明治
#早餐•2022年5月1日#,超美味❗️乳酪三明治
昨晚做的土司感觉很不错，今早赶紧做了三明治，好吃,超美味❗️乳酪三明治
#早餐•2021年7月9日# 每人两人份的三明治🥪（没对半切）…撑的大家都说不要吃午餐了😁😆,超美味❗️乳酪三明治
#早餐•2021年3月12日# 孩子很喜欢😘，谢谢了,超美味❗️乳酪三明治
自己烤的吐司，做的很好吃#晚餐•2021年8月21日#,超美味❗️乳酪三明治
分享图片,超美味❗️乳酪三明治
给老哥做的三明治，雪胖子🥳🥳🥳赶着包装，三明治还有一点点热气🤣🤣🤣,超美味❗️乳酪三明治
,超美味❗️乳酪三明治
非常好的快手方子，自己做的吐司随心所欲地放自己喜欢的肉肉和cheese！赞！,超美味❗️乳酪三明治
#早餐•2021年7月9日# 好吃😋,快手早餐三明治🥪
#早餐•2021年4月12日#,快手早餐三明治🥪
#早餐•2021年12月11日# #让处女座看了很舒心奖#,快手早餐三明治🥪
哪有什么厨艺高超，无非是不惧麻烦，再困也要起来给孩子做早餐，不为别的，只为他成长路上有我相伴，让孩子感受家的温暖，一个家，妈妈暖家才暖 活力满满的周五✌️#早餐•2021年10月22日#,快手早餐三明治🥪
#晚餐•2021年8月12日#,快手早餐三明治🥪
感觉好好吃 #早餐•2021年7月16日#,快手早餐三明治🥪
#午餐•2021年7月12日#,快手早餐三明治🥪
#早餐•2021年6月30日#我没有放火腿，不过大同小异吧~,快手早餐三明治🥪
我放的鸡胸肉，美味不可当🤗,快手早餐三明治🥪
蛋黄去哪里了。。。。。,快手早餐三明治🥪
#早餐•2021年1月30日#,快手早餐三明治🥪
超好吃,超级好吃的黄金三明治🥪
黄金三明治～久违的早餐哈哈哈#三明治🥪！#,超级好吃的黄金三明治🥪
方子真好，味道真不错,超级好吃的黄金三明治🥪
"#早餐•2019年11月28日# 今日份早餐💯
自己做的吐司，隔天做成三明治，秒杀外面面包店的",超级好吃的黄金三明治🥪
黄金三明治🥪,超级好吃的黄金三明治🥪
烤的有点糊了,超级好吃的黄金三明治🥪
放了肉松，煎鸡蛋，直接入烤箱烤的，也很不错,超级好吃的黄金三明治🥪
,超级好吃的黄金三明治🥪
不错,超级好吃的黄金三明治🥪
看着就流口水 大半夜的我好像又饿了,超级好吃的黄金三明治🥪
#早餐•2020年8月6日# 很成功,超级好吃的黄金三明治🥪
#午餐•2020年5月20日#,月瘦10斤关晓彤三明治
#午餐•2021年6月4日#,月瘦10斤关晓彤三明治
#午餐•2021年3月5日#,月瘦10斤关晓彤三明治
#早餐•2021年4月21日# 好吃😋,月瘦10斤关晓彤三明治
切反了(=￣ ρ￣=),月瘦10斤关晓彤三明治
分享图片,超美味❗️乳酪三明治
小学生的早餐，再喝一杯牛奶，能量满满#早餐•2020年11月26日#,超美味❗️乳酪三明治
很棒，180度10分钟。,超美味❗️乳酪三明治
时间来不及了，烤的还不够#早餐•2022年2月17日#,超美味❗️乳酪三明治
"今日早餐[太阳]元气满满[爱心]
---------
三明治🥪 配红豆小团子汤",超美味❗️乳酪三明治
做三明治的频率太高了🤣🤣🤣,超美味❗️乳酪三明治
为啥切开没那么平整？是因为我加了番茄吗#早餐•2022年5月4日#,超美味❗️乳酪三明治
分享图片,超美味❗️乳酪三明治
不错,超美味❗️乳酪三明治
"早安！
#早餐•2022年6月30日#",快手早餐三明治🥪
"早安！
#早餐•2022年6月15日#",快手早餐三明治🥪
早起该有的早餐的样子,快手早餐三明治🥪
#早餐•2021年12月3日#,快手早餐三明治🥪
#早餐•2021年8月14日#,快手早餐三明治🥪
#早餐•2021年7月17日# 非常的不戳啊,快手早餐三明治🥪
#早餐•2021年7月16日#,快手早餐三明治🥪
风炉190度9分钟,超级好吃的黄金三明治🥪
没加芝士没用那么多面包片,超级好吃的黄金三明治🥪
黄金三明治+米浆+软籽石榴,超级好吃的黄金三明治🥪
,超级好吃的黄金三明治🥪
非常美味😋,超级好吃的黄金三明治🥪
再一次黄金三明治，这次用了两个蛋黄,超级好吃的黄金三明治🥪
#早餐•2019年12月16日#,超级好吃的黄金三明治🥪
超级好吃,随意任性发挥的早餐三明治
早～,随意任性发挥的早餐三明治
必须好吃鸭,随意任性发挥的早餐三明治
识食物者为俊杰。,随意任性发挥的早餐三明治
#早餐•2019年9月20日#,随意任性发挥的早餐三明治
好吃,随意任性发挥的早餐三明治
分两餐吃☺️#早餐就是拿来享受的# #爆炸吧！散德维曲！#,随意任性发挥的早餐三明治
新周，虽然还没有正式上班，也要认认真真吃早饭呀(ﾟДﾟ)ﾉ#早餐•2020年3月23日#,随意任性发挥的早餐三明治
今日份早餐#早餐•2019年10月11日#,随意任性发挥的早餐三明治
非常好，换了点内容,随意任性发挥的早餐三明治
,随意任性发挥的早餐三明治
"好吃😋
保鲜膜包装水平有待提升#早餐•2021年5月1日#",日本711同款鸡蛋三明治，好吃好吃
#早餐•2020年12月19日#,日本711同款鸡蛋三明治，好吃好吃
第一次做，还不错！,日本711同款鸡蛋三明治，好吃好吃
,日本711同款鸡蛋三明治，好吃好吃
#早餐•2021年11月22日#加了小丢丢的酸黄瓜，口感更丰富了,日本711同款鸡蛋三明治，好吃好吃
用了两个蛋，其他调料统统减半，沙拉酱用了10克，味道不错，下次还会做！,日本711同款鸡蛋三明治，好吃好吃
Delicious!,日本711同款鸡蛋三明治，好吃好吃
可能个人不喜欢水煮蛋的气味，不难吃。#早餐•2020年6月30日#,日本711同款鸡蛋三明治，好吃好吃
"准备不充分 食材有限
第一次尝试蛋黄酱
还不错跟韩国吃的差不多#早餐•2021年7月17日#",日本711同款鸡蛋三明治，好吃好吃
饿得不行，省去了过筛蛋黄的步骤，我用了一颗整鸡蛋和一个蛋白还有两个墨鱼丸一起打碎，一丢丢蛋黄酱，黑胡椒和盐也忘了放，也罢，还是很好吃的。#早餐•2021年6月5日#,日本711同款鸡蛋三明治，好吃好吃
分享图片,🥪鸡蛋火腿三明治
用早餐机压烤了一下，挺不错呢～,🥪鸡蛋火腿三明治
不喜欢吃菜就都没放,🥪鸡蛋火腿三明治
方便好吃,🥪鸡蛋火腿三明治
没有蛋黄酱就用沙拉酱代替，生菜没有切丝也很好吃呀，跟外面买的差不多，一个下去太饱了吧~,🥪鸡蛋火腿三明治
快手鸡蛋芝士三明治,三明治万能公式｜满足你的心和胃❤️
香煎鸡腿排三明治~,三明治万能公式｜满足你的心和胃❤️
分享图片,三明治万能公式｜满足你的心和胃❤️
难得早上勤快一次😛,三明治万能公式｜满足你的心和胃❤️
分享图片,三明治万能公式｜满足你的心和胃❤️
#晚餐•2022年7月22日# 酱料热量高可是真的好吃啊😋,三明治万能公式｜满足你的心和胃❤️
早餐！,随意任性发挥的早餐三明治
#早餐•2020年7月25日#,随意任性发挥的早餐三明治
"成熟是一种态度，天真是一种生活方式。每张面孔都会变老，但生活方式可以年轻一辈子。务实一些，不要着急，你想要的岁月都会给你。 ​
早安☕️#早餐•2020年1月9日#",随意任性发挥的早餐三明治
,随意任性发挥的早餐三明治
,随意任性发挥的早餐三明治
有多久没早起做早餐了#早餐•2021年7月31日#,随意任性发挥的早餐三明治
#早餐•2020年5月19日# 舒服,随意任性发挥的早餐三明治
#早餐•2021年4月2日#  昨晚做好的！其实是第二次做了。第一次切了吐司边，虽然好吃但面包买得太小切边后更小，馅容易漏😅这次直接多加了点儿黑胡椒，好吃😋(黑胡椒太少不香）,日本711同款鸡蛋三明治，好吃好吃
蛋黄蒸熟过筛，蛋白捣碎，加盐和黑胡椒然后用脱脂酸奶（不敢用沙拉酱）拌一下，否则太干鸡蛋黄和蛋白都散开了，加了几根四季豆，绿色点缀一下，这样很好吃哦！#午餐•2020年6月28日#,日本711同款鸡蛋三明治，好吃好吃
#早餐•2021年4月24日# 用的全麦吐司，租的房子里没有那种筛网就只能用叉子和勺子把鸡蛋捣碎，还是比较粗糙啊哈哈哈，酱换成了沙拉酱，个人觉得还是阔以的😬,日本711同款鸡蛋三明治，好吃好吃
交作业啦，做给朋友们尝尝，5秒吃完。,日本711同款鸡蛋三明治，好吃好吃
好吃😊,日本711同款鸡蛋三明治，好吃好吃
#早餐•2020年9月7日#,日本711同款鸡蛋三明治，好吃好吃
,日本711同款鸡蛋三明治，好吃好吃
#早餐•2021年8月16日# 吃的这个里面的蛋黄酱放少了，另一个包起来放着了，那个里面酱超多！好吃！,日本711同款鸡蛋三明治，好吃好吃
加了点生菜,🥪鸡蛋火腿三明治
分享图片,🥪鸡蛋火腿三明治
颜色丰富，让人看着就有食欲,🥪鸡蛋火腿三明治
孩子吃的，我就加了一片火腿，孩子说好吃,🥪鸡蛋火腿三明治
营养丰富,🥪鸡蛋火腿三明治
分享图片,🥪鸡蛋火腿三明治
特别好吃,🥪鸡蛋火腿三明治
分享图片,🥪鸡蛋火腿三明治
唔…还是喜欢这种简朴的风格,🥪鸡蛋火腿三明治
#早餐•2021年7月22日#,超简单早午餐三明治
谢谢分享菜谱,超简单早午餐三明治
超级简单三明治#早餐•2021年12月15日#,超简单早午餐三明治
#早餐•2022年4月17日#,超简单早午餐三明治
#早餐•2021年9月30日# 厚蛋 午餐肉  芝士片  生菜,超简单早午餐三明治
#晚餐•2021年6月23日# 没有放肉(^-^),超简单早午餐三明治
两片儿吐司包这么多东西真是不容易啊！！菜都歪了,超简单早午餐三明治
#午餐•2022年3月27日#,超简单早午餐三明治
#晚餐•2022年7月25日#,超简单早午餐三明治
分享图片,超简单早午餐三明治
分享图片,超简单早午餐三明治
分享图片,快手早餐三明治
分享图片,快手早餐三明治
分享图片,快手早餐三明治
#早餐•2019年12月8日#,快手早餐三明治
#早餐•2022年4月1日#,快手早餐三明治
分享图片,快手早餐三明治
第一次，包的还不是很顺手。#早餐•2020年8月6日#,快手早餐三明治
大受欢迎,快手早餐三明治
#早餐•2020年4月24日#,快手早餐三明治
跟着虎哥直播学的，简单极了，为了让三明治不松散，秘诀就是挨着面包片的地方放沙拉酱，鸡蛋用的煮鸡蛋捣碎加沙拉酱，味道竟然好极了,快手早餐三明治
分享图片,快手早餐三明治
很不错，谢谢✌,快手早餐三明治
分享图片,【减脂快手三明治最佳公式】
午餐,【减脂快手三明治最佳公式】
没想到超级简单！,【减脂快手三明治最佳公式】
分享图片,【减脂快手三明治最佳公式】
分享图片,【减脂快手三明治最佳公式】
没有番茄酱，凑合下吧！面包边边放旁边一起烤了就不需要对象了😜,儿子最爱吃的三明治
#早餐•2020年5月26日#,儿子最爱吃的三明治
"女儿还小，用的宝宝肉松和鳕鱼肠，剩下的边边自己烤了吃了。
女儿说：好7。#早餐•2020年7月24日#",儿子最爱吃的三明治
烤好的三明治软香，加了芝士更有营养！,儿子最爱吃的三明治
#早餐•2020年9月11日#,儿子最爱吃的三明治
#早餐•2020年9月28日# 很好的方子，感谢楼主！,儿子最爱吃的三明治
三明治好吃,儿子最爱吃的三明治
面包边子是不是去掉，不然有点糊,儿子最爱吃的三明治
自己做的吐司，给家人的美味早餐，孩子们超级喜欢,儿子最爱吃的三明治
配方很好，好吃也好看,儿子最爱吃的三明治
内松外脆，香味浓郁😋,儿子最爱吃的三明治
做了，真的不错，和外面买的口味很像。,儿子最爱吃的三明治
今日份～孩子很喜欢😘#早餐•2020年9月20日#,儿子最爱吃的三明治
分享图片,超简单早午餐三明治
#早餐•2022年1月28日# 少爷专属款,超简单早午餐三明治
分享图片,超简单早午餐三明治
忘了放番茄片了,超简单早午餐三明治
分享图片,超简单早午餐三明治
分享图片,超简单早午餐三明治
之前都是用卷饼做成pita饼吃，最近饼皮用光了，换成三明治也非常好吃。早上花15分钟就能搞定，哈哈。以前特别喜欢加酸黄瓜、洋葱、青椒，再挤上美乃滋、烧烤酱、honey mustard和一点拉差酱～风味融合的层次特别多，我简直是吃酱大户。现在...,超简单早午餐三明治
终于做一次早餐了#早餐•2020年2月27日#,快手早餐三明治
分享图片,快手早餐三明治
带去野餐，太好看了❤️,快手早餐三明治
小白很容易上手,快手早餐三明治
分享图片,快手早餐三明治
#晚餐•2022年3月16日#,快手早餐三明治
😘,儿子最爱吃的三明治
#早餐•2020年5月31日#,儿子最爱吃的三明治
分享图片,儿子最爱吃的三明治
"#早餐•2021年4月10日# 早
芝士三明治",儿子最爱吃的三明治
分享图片,儿子最爱吃的三明治
#早餐•2021年6月24日#,蔬菜三明治6种 关晓彤同款，还有鸡胸肉版，火腿版，牛油果能量蛋卷
#早餐•2021年5月8日#,蔬菜三明治6种 关晓彤同款，还有鸡胸肉版，火腿版，牛油果能量蛋卷
分享图片,蔬菜三明治6种 关晓彤同款，还有鸡胸肉版，火腿版，牛油果能量蛋卷
#晚餐•2021年8月11日#,蔬菜三明治6种 关晓彤同款，还有鸡胸肉版，火腿版，牛油果能量蛋卷
美味低卡低脂#午餐•2021年6月17日#,蔬菜三明治6种 关晓彤同款，还有鸡胸肉版，火腿版，牛油果能量蛋卷
#晚餐•2021年5月7日#,蔬菜三明治6种 关晓彤同款，还有鸡胸肉版，火腿版，牛油果能量蛋卷
好吃看得见,蔬菜三明治6种 关晓彤同款，还有鸡胸肉版，火腿版，牛油果能量蛋卷
晚餐～✧٩(ˊωˋ*)و✧,蔬菜三明治6种 关晓彤同款，还有鸡胸肉版，火腿版，牛油果能量蛋卷
很好吃哦～,蔬菜三明治6种 关晓彤同款，还有鸡胸肉版，火腿版，牛油果能量蛋卷
分享图片,蔬菜三明治6种 关晓彤同款，还有鸡胸肉版，火腿版，牛油果能量蛋卷
好吃美味又有营养,鸡蛋火腿三文治
还不错,鸡蛋火腿三文治
分享图片,鸡蛋火腿三文治
#早餐•2020年8月21日#,鸡蛋火腿三文治
#午餐•2022年6月27日# 好吃，卷饼的感觉。,鸡蛋火腿三文治
分享图片,鸡蛋火腿三文治
懒人必备食谱哈哈哈,鸡蛋火腿三文治
自从买了三明治机，我就爱上了三明治。,鸡蛋火腿三文治
,鸡蛋火腿三文治
分享图片,鸡蛋火腿三文治
我用保鲜膜包起来了，保鲜膜裹得太厚了，菜刀难切开，所以卖相有点难看😭,鸡蛋火腿三文治
西红柿，鸡蛋，生菜，青椒,鸡蛋火腿三文治
加了一个煎蛋和一片火腿～,便利店同款 超好吃的土豆泥三明治❗️
神奇的搭配很好吃很饱腹！,便利店同款 超好吃的土豆泥三明治❗️
好吃的😋,便利店同款 超好吃的土豆泥三明治❗️
分享图片,便利店同款 超好吃的土豆泥三明治❗️
加的宜家辣根酱😄,便利店同款 超好吃的土豆泥三明治❗️
好吃,便利店同款 超好吃的土豆泥三明治❗️
#小螃蟹的厨房#,便利店同款 超好吃的土豆泥三明治❗️
蟹棒，香肠胡萝卜一起炒过加土豆泥鸡蛋黄瓜生菜，放黑胡椒海盐，沙拉酱，味道不错,便利店同款 超好吃的土豆泥三明治❗️
真的超满足,便利店同款 超好吃的土豆泥三明治❗️
我的天，巨好吃，根本没能活到第二天带走。,便利店同款 超好吃的土豆泥三明治❗️
#早餐•2021年3月13日#,芝士厚蛋烧三明治
分享图片,芝士厚蛋烧三明治
绝绝子,芝士厚蛋烧三明治
好吃😋,芝士厚蛋烧三明治
#早餐•2020年10月28日#,芝士厚蛋烧三明治
#晚餐•2021年7月26日# 夹了煎鸡腿肉 满足,芝士厚蛋烧三明治
吃个早餐给我笑死了，你的斯文呢,芝士厚蛋烧三明治
没盒子，只能拿手上。。味道不错，不过培根和蛋黄酱都太咸了，下次不加培根了，换成番茄酱。吐司也没切好，下次加油，谢谢楼主。,芝士厚蛋烧三明治
#午餐•2020年12月20日#  #我的招牌甜点#   厚蛋三明治,芝士厚蛋烧三明治
分享图片,芝士厚蛋烧三明治
自己揉面做的吐司，健康又美味！,芝士厚蛋烧三明治
#早餐•2021年1月24日# 买了包装好看多了，无敌好吃😋,芝士厚蛋烧三明治
分享图片,鸡蛋火腿三文治
早餐,鸡蛋火腿三文治
分享图片,鸡蛋火腿三文治
分享图片,鸡蛋火腿三文治
非常好，我用的番茄酱，也很好吃～,鸡蛋火腿三文治
分享图片,鸡蛋火腿三文治
用了自己做的南瓜吐司，好看好吃！#早餐•2020年12月6日#,芝士厚蛋烧三明治
用黄油煎过的吐司焦焦脆脆，里面夹了牛奶滑蛋，蟹肉棒，芝士，一口满足！#早餐•2020年12月6日# 好吃！,芝士厚蛋烧三明治
#早餐•2022年5月26日#,芝士厚蛋烧三明治
#早餐•2022年3月15日# 好吃又丰盛，卖相也好哈哈。不过还是吃不惯夹整片芝士，有点腻，下次去掉试试,芝士厚蛋烧三明治
厚蛋烧+花生核桃糊#早餐•2022年2月15日# #生活随记#,芝士厚蛋烧三明治
#晚餐•2022年1月15日#,芝士厚蛋烧三明治
做的挺成功的😉😉,快手早餐三明治🥪
五分钟可制作一顿营养均衡的早餐，赞。#午餐•2021年4月13日#,快手早餐三明治🥪
#早餐•2021年4月11日# 好吃,快手早餐三明治🥪
培根西红柿鸡蛋三明治,快手早餐三明治🥪
简单，味道好,快手早餐三明治🥪
"早安！
#早餐•2022年7月8日#",快手早餐三明治🥪
"早安！
#早餐•2022年6月28日#",快手早餐三明治🥪
#早餐•2022年3月29日#,快手早餐三明治🥪
#早餐•2022年5月9日# 🌞烟熏三文鱼贝果三明治#定格时光用镜头记录美食#,30种贝果三明治
#早餐•2022年4月22日# 封控第41天 贝果乳酪三明治 还能吃到仪式感早餐 真不容易啊,30种贝果三明治
"#早餐•2022年4月5日# 
贝果夹一切",30种贝果三明治
分享图片,30种贝果三明治
"红豆抹茶贝果，加了芝士片和小番茄，180度15分钟左右，脆脆的很好吃#早餐•2022年7月3日#

爱妙可蓝多爱娘娘！(⁎⁍̴̛ᴗ⁍̴̛⁎)",30种贝果三明治
#早餐•2022年3月28日#,30种贝果三明治
甜口三明治 芒果奶油#午餐•2022年5月20日#,30种贝果三明治
#晚餐•2022年4月22日#,30种贝果三明治
#午餐•2022年5月2日#,30种贝果三明治
,超级好吃的黄金三明治🥪
哈哈哈，很简单,超级好吃的黄金三明治🥪
分享图片,超级好吃的黄金三明治🥪
,超级好吃的黄金三明治🥪
"一共6片吐司

每层都放沙拉酱+午餐肉+肉松+沙拉酱，
全部弄好后，开始涂抹蛋黄液，
最上面一层放沙拉酱+芝士

九阳烤箱上下160°烤20分钟左右
好吃极了😁",超级好吃的黄金三明治🥪
第一次做，完美！,超级好吃的黄金三明治🥪
早餐得到一致好评,超级好吃的黄金三明治🥪
#早餐•2020年3月7日#,超级好吃的黄金三明治🥪
还可以，就是香肠放多了，吃到后面有点腻,超级好吃的黄金三明治🥪
,超级好吃的黄金三明治🥪
#早餐•2022年2月25日#早安~是被美味治愈的早餐吖,快手早餐三明治🥪
#早餐•2021年11月26日# 今日份早餐～～～三明治🥪+拿铁☕️,快手早餐三明治🥪
#晚餐•2021年8月27日#,快手早餐三明治🥪
#早餐•2021年7月6日#,快手早餐三明治🥪
"好吃😋
宝贝说想吃三明治，妈妈立马安排上…爸爸妈妈的食材多一层，宝宝一口咬不下、做了一层即可！加了点娃爱吃的番茄酱。爸爸早餐牛奶过敏，换成了鲜榨豆浆、加了芝麻，很香^_^",快手早餐三明治🥪
"三明治，很有饱腹感，关键材料要新鲜
#早餐•2021年4月22日#",快手早餐三明治🥪
#早餐•2021年4月10日#,快手早餐三明治🥪
#早餐•2021年3月7日#,快手早餐三明治🥪
早餐挺方便的，我加了荷包蛋，生菜，煎过的火腿，再加上自制吐司，非常完美😀,快手早餐三明治🥪
#早餐•2021年2月26日#,快手早餐三明治🥪
"烟熏三文鱼牛油果贝果🥑
盒马的贝果还是不大行，吃起来不香，扎实倒是挺扎实，加上牛油果的健康脂肪，一个三明治下去半夜都觉得饱😂
某猫自从有了自动喂食器之后….被定在了旁边，拉都拉不走，就等着第一时间吃到饭😀",30种贝果三明治
分享图片,30种贝果三明治
奶酪桃桃#早餐•2022年7月28日# 奇亚籽贝果,30种贝果三明治
"烟熏三文鱼牛油果🥑贝果三明治 & 纸核芒🥭
黄油把全麦贝果toast一下，抹奶油奶酪，夹溏心煎蛋+烟熏三文鱼+牛油果，绝对是贝果三明治最推荐的吃法之一！山姆的纸核芒肉厚超甜，推荐！
咱就是说，复工一周后再次居家了哈哈哈，虽然预计只有...",30种贝果三明治
英式炒蛋贝果,30种贝果三明治
分享图片,30种贝果三明治
家里火太大，单面煎鸡蛋总容易糊底,30种贝果三明治
分享图片,30种贝果三明治
贝果第5天:黄瓜+金枪鱼+鸡蛋,30种贝果三明治
"没有火腿片 夹了肉松沙拉酱
准备到烤完出炉 半小时就能得到的美味啊
#早餐•2020年12月30日# #早餐早餐#",超级好吃的黄金三明治🥪
分享图片,超级好吃的黄金三明治🥪
黄金三明治，吃货的世界,超级好吃的黄金三明治🥪
"记录： 
       跟上次做的方子     方法类似  
☘️唯一区别：
上次的方子四周表面刷的1：1的蛋奶液。 
这个方子四周表面刷的纯蛋黄液。",超级好吃的黄金三明治🥪
#早餐•2021年3月16日#,超级好吃的黄金三明治🥪
简单美味的晚餐,超级好吃的黄金三明治🥪
#早餐•2020年5月13日#,超级好吃的黄金三明治🥪
#蛋蛋小朋友的点心# 没有学教程做。直接进烤箱烤了一下。也很香,超级好吃的黄金三明治🥪
第二个想裹鸡蛋液，想了想还是算了，我不配#早餐•2021年5月1日#,超美味❗️乳酪三明治
又做啦,超美味❗️乳酪三明治
下次把边切了，今天做出来就觉得哪里不对，最上面忘记放马苏里拉了……记录一下烤箱温度200度20分钟#2021年3月19日早餐#,超美味❗️乳酪三明治
#早餐•2022年4月8日#,超美味❗️乳酪三明治
分享图片,超美味❗️乳酪三明治
吃了一个再要三个,超美味❗️乳酪三明治
第一次做,超美味❗️乳酪三明治
超棒的乳酪三明治,超美味❗️乳酪三明治
娃娃独立完成的，味道据说很赞！,超美味❗️乳酪三明治
太棒啦，超赞的～～～～,超美味❗️乳酪三明治
昨天做的，好吃又简单,超美味❗️乳酪三明治
做过n次了,超美味❗️乳酪三明治
超级好吃！210°10分钟外围微脆内里松软！够我们一家三口吃的了😁,超美味❗️乳酪三明治
本来一切都顺利，结果，最后烤了两次，糊了。但是味道还是可以的,超美味❗️乳酪三明治
🥰,超美味❗️乳酪三明治
#早餐•2020年9月27日#,月瘦10斤关晓彤三明治
And U#早餐•2021年5月13日#,月瘦10斤关晓彤三明治
好吃不发胖！,月瘦10斤关晓彤三明治
我还加了芋泥  😉😉😉#午餐•2021年8月11日#,月瘦10斤关晓彤三明治
有什么塞什么，经常做了当早餐,月瘦10斤关晓彤三明治
好好吃啊,月瘦10斤关晓彤三明治
分享图片,月瘦10斤关晓彤三明治
好难卷....,月瘦10斤关晓彤三明治
,月瘦10斤关晓彤三明治
分享图片,月瘦10斤关晓彤三明治
一通乱包，红薯🍠、黄瓜🥒、西红柿🍅，煎蛋🍳，鸡排、紫薯🍠，哇哦，好大一个，吃到撑。,月瘦10斤关晓彤三明治
好吃，感觉比面包三明完治好吃，吃一半就已经饱了，胃口小的建议包小点👏#早餐•2020年7月2日#,月瘦10斤关晓彤三明治
分享图片,月瘦10斤关晓彤三明治
#午餐•2022年3月23日#,月瘦10斤关晓彤三明治
😋️,月瘦10斤关晓彤三明治
"自己又在方子基础上加了点炼乳 有一丝丝甜味 感觉更适合我的口味👍🏻🍞
非常棒的搭配#早餐•2020年11月15日#",日本711同款鸡蛋三明治，好吃好吃
#早餐•2020年7月28日#,日本711同款鸡蛋三明治，好吃好吃
分享图片,日本711同款鸡蛋三明治，好吃好吃
#早餐•2020年6月20日#,日本711同款鸡蛋三明治，好吃好吃
#午餐•2021年7月22日# 只用了一颗鸡蛋，还加了点生菜 香蕉和海苔，胡乱搭配味道竟然还不错？！,日本711同款鸡蛋三明治，好吃好吃
#早餐•2021年6月14日#,日本711同款鸡蛋三明治，好吃好吃
分享图片,日本711同款鸡蛋三明治，好吃好吃
分享图片,日本711同款鸡蛋三明治，好吃好吃
"#早餐•2021年3月9日# 
三片厚切吐司用了四个鸡蛋太幸福了吧_(´ཀL`」 ∠)好耶！",日本711同款鸡蛋三明治，好吃好吃
用了磨蒜的小工具，超级快手，推荐的蛋黄酱也不错。第一口有点惊艳。,日本711同款鸡蛋三明治，好吃好吃
做了三个，用了五个蛋，老公和娃的我塞得慢慢的🍞。很好吃，我又放点番茄丁进去解腻，效果很ok,日本711同款鸡蛋三明治，好吃好吃
#早餐•2022年5月30日#,日本711同款鸡蛋三明治，好吃好吃
燕窝捞自制奶茶、红糖馒头、自制白桃乌龙奶茶、肉松沙拉酱全麦三明治、水果双拼#早餐•2022年5月25日#,日本711同款鸡蛋三明治，好吃好吃
#早餐•2021年11月6日#,日本711同款鸡蛋三明治，好吃好吃
味道很好,超美味❗️乳酪三明治
肉松，煎蛋，火腿，沙拉酱，马苏里拉芝士，蕃茄酱，超级好吃😋,超美味❗️乳酪三明治
沙拉酱放多了,超美味❗️乳酪三明治
美食是开启一天好心情的关键哦！,月瘦10斤关晓彤三明治
放了午餐肉、煎蛋、奶酪片、黄瓜、鱼罐头，好简单好好吃，就是切开吃的时候为了不吃到保鲜膜容易散掉🤣,月瘦10斤关晓彤三明治
快手早餐，好吃低负担～就是生菜叶子太小了,月瘦10斤关晓彤三明治
#午餐•2021年4月26日# 在基础上加了玉米和火腿哈哈哈哈 蛮好吃的！丰富的午餐呀,日本711同款鸡蛋三明治，好吃好吃
南瓜贝果 烤箱预热200度 185烤14分钟✌,日本711同款鸡蛋三明治，好吃好吃
#早餐•2020年10月5日#,日本711同款鸡蛋三明治，好吃好吃
#午餐•2020年8月18日# #一人食#,日本711同款鸡蛋三明治，好吃好吃
雨天沉闷，补充能量。#早餐•2020年5月8日#  #早上来不及拍照系列#,随意任性发挥的早餐三明治
高二学生早餐打卡💁#早餐•2019年9月17日#,随意任性发挥的早餐三明治
#早餐•2020年3月5日#,随意任性发挥的早餐三明治
第一次做，感觉还是不错的～#早餐•2020年2月27日#,随意任性发挥的早餐三明治
"#早餐•2020年2月5日# 
#三明治🥪！# 
在家上班只能自己做吃的，再来点三明治吧。
馅料很足啊，牛肉，培根，鸡蛋，蟹柳，三文鱼，和各种蔬菜。够营养了～",随意任性发挥的早餐三明治
整理东西发现80年代的一只新圆珠笔 惊喜！,随意任性发挥的早餐三明治
颜色搭配很美，又是美好的一天。下次多加火腿片。,随意任性发挥的早餐三明治
#早餐•2021年6月25日#,随意任性发挥的早餐三明治
#早餐•2020年1月19日#,随意任性发挥的早餐三明治
把紫甘蓝切丝略微焯了下水，挤干水分拌上沙拉酱，番茄🍅用煎完荷包蛋的油略微煎一下，肉类选用的是火腿片，再铺上厚厚的生菜🥬，高颜值好味道的三明治就完成啦！谢谢博主的食谱，野餐圆满成功🥪,随意任性发挥的早餐三明治
#早餐•2021年4月28日# 沙拉酱用完了，仅用炼乳，味道还是差丢丢，提醒一下大家，紫甘蓝一定要用嫩的，我买老了，有点苦😭,随意任性发挥的早餐三明治
#早餐•2021年1月6日#,随意任性发挥的早餐三明治
#早餐•2020年12月17日#煮鸡蛋碾碎后加盐加黑胡椒粉拌匀，梅林午餐肉罐头切厚片用平底锅煎一下，一大片西生菜洗净备用。三片全麦面包一层一层的叠加上述食材。然后用保鲜膜裹紧，切开就成了！搭配牛奶或者豆浆均可。,随意任性发挥的早餐三明治
"#早餐•2020年11月4日# 
牛奶白糖忘了加蛋液，成品软了一些，但是真的好吃！😘",儿子最爱吃的三明治
放了闺女爱的生菜，黄瓜和香肠，娃很喜欢吃,儿子最爱吃的三明治
#早餐•2020年12月8日#,儿子最爱吃的三明治
又加了鸡肉 味道不错👍,儿子最爱吃的三明治
非常好吃，孩子喜欢😻,儿子最爱吃的三明治
分享图片,儿子最爱吃的三明治
#早餐•2020年4月23日# 中间就煎了个鸡蛋放了两片生菜，超好吃！,儿子最爱吃的三明治
爱生活，有滋有味～,儿子最爱吃的三明治
分享图片,儿子最爱吃的三明治
面包片夹生菜加花生酱加煎鸡蛋夹面包片加煎火腿加芝士片夹面包片，一共三层，超级大个三明治,儿子最爱吃的三明治
做了肉松和火腿肠两种,儿子最爱吃的三明治
没有肉松煎了一块鸡胸肉，一个鸡蛋，撒上芝士番茄酱，秒杀蛋糕店，女儿说好吃,儿子最爱吃的三明治
教妞梳头发的功夫烤过了,儿子最爱吃的三明治
好吃，不过小朋友看到有面吃，就把三明治抛弃了😂,儿子最爱吃的三明治
吐司边沾剩下的蛋液再撒一点芝麻！一起烤出来。不浪费，还好吃！,儿子最爱吃的三明治
分享图片,快手早餐三明治
分享图片,快手早餐三明治
分享图片,快手早餐三明治
分享图片,快手早餐三明治
分享图片,快手早餐三明治
😋,快手早餐三明治
分享图片,快手早餐三明治
#早餐•2020年8月9日# 我还放了西红柿也很不错，营养搭配，因为老公不爱吃蔬菜,快手早餐三明治
,快手早餐三明治
分享图片,快手早餐三明治
"生菜🥬洗净
小番茄切块
煎蛋🍳
层层加在切片吐司里就ok咯！
还加了多美鲜的奶酪🧀️
早餐完成！",快手早餐三明治
分享图片,快手早餐三明治
三明治 + 火龙果奶昔  #居家隔离的日子# #早餐•2020年4月8日#,快手早餐三明治
分享图片,快手早餐三明治
面包昨天晚上做好，早上起来做三明治,快手早餐三明治
分享图片,随意任性发挥的早餐三明治
早起发现没有面包，拿煎饼代替的，做成了贴地气的卷饼#早餐•2020年7月20日#,随意任性发挥的早餐三明治
#早餐•2020年2月23日#,随意任性发挥的早餐三明治
包上保鲜膜之后忘记横着切还是竖着切=͟͟͞͞(꒪ᗜ꒪ ‧̣̥̇)谢谢您的方子呀！！,随意任性发挥的早餐三明治
,随意任性发挥的早餐三明治
分享图片,儿子最爱吃的三明治
,儿子最爱吃的三明治
买的吐司面包不是四四方方的，切出来的形状会有一面奇奇怪怪，家里人吃了说很好吃，谢谢作者的配方。,儿子最爱吃的三明治
分享图片,快手早餐三明治
快手早餐,快手早餐三明治
好不容易周末不上班，自制三明治，味道棒棒哒！,快手早餐三明治
分享图片,超简单早午餐三明治
分享图片,超简单早午餐三明治
分享图片,超简单早午餐三明治
好简单，还好吃，赞！！！,超简单早午餐三明治
三文治,超简单早午餐三明治
成功！,超简单早午餐三明治
三明治🥪早餐,超简单早午餐三明治
肉肉肉肉耶！,超简单早午餐三明治
补传作业。餐饭和精神世界都不可以将就～！,超简单早午餐三明治
超赞，我还加了点肉松好吃好吃好吃,超简单早午餐三明治
自制吐司厚切版,超简单早午餐三明治
就挺懒的，边皮都懒得削，好吃,超简单早午餐三明治
分享图片,超简单早午餐三明治
分享图片,超简单早午餐三明治
分享图片,超简单早午餐三明治
三明治得压紧，不然容易掉,超简单早午餐三明治
#早餐•2022年8月2日#,素三明治
成功✌️,鸡蛋火腿三文治
Brunch🍽,鸡蛋火腿三文治
“黄油+鸡蛋 牛奶+小火”这个滑蛋秘诀我学到了！鸡蛋我没炒碎，在底面凝固了之后纵向横向叠几下就叠厚了，最后关火又整体翻面了一两次。鸡蛋厚厚的吃起来好幸福TT,芝士厚蛋烧三明治
分享图片,芝士厚蛋烧三明治
先无油小火煎培根，等培根把油煎出来之后再开始滑蛋。,芝士厚蛋烧三明治
好ci😄,芝士厚蛋烧三明治
#早餐•2021年8月7日#,芝士厚蛋烧三明治
分享图片,芝士厚蛋烧三明治
分享图片,芝士厚蛋烧三明治
分享图片,芝士厚蛋烧三明治
木有厚土司，味道和造型都不错 #懒人厚蛋烧#  #三明治🥪！#,芝士厚蛋烧三明治
"补发早餐
祝女神们节日快乐#早餐•2022年3月8日# #生活随记#",芝士厚蛋烧三明治
#早餐•2021年12月29日#,芝士厚蛋烧三明治
这个做法太好吃了。,芝士厚蛋烧三明治
挺不错的食谱，用了培根，加了沙拉酱和番茄酱，味道挺好。,芝士厚蛋烧三明治
#早餐•2021年6月20日# 三明治,超简单早午餐三明治
分享图片,超简单早午餐三明治
分享图片,芝士厚蛋烧三明治
,芝士厚蛋烧三明治
分享图片,芝士厚蛋烧三明治
#早餐•2022年5月7日# 👍,芝士厚蛋烧三明治
前天做了两个吐司，留了一个今早做火遍韩国街头的网红Egg drop三明治。没有纸盒，那就自己用牛奶盒做了两个。三明治夹了蒜香猪扒、火腿、培根、芝士肠和芝士片，能量满满的brunch哈，饱了一个下午。,芝士厚蛋烧三明治
贝果第四天：自制午餐肉,30种贝果三明治
🥯🥯🥯,30种贝果三明治
牛油果鸡蛋沙拉+火腿片+红豆薏米豆浆,30种贝果三明治
分享图片,30种贝果三明治
分享图片,30种贝果三明治
继续金枪鱼+鸡蛋；燕麦25克+香蕉1根+牛奶300ml+可可粉5克；这个奶昔确实很好喝啊,30种贝果三明治
贝果有点硬，不知为什么。,30种贝果三明治
芒果三文鱼贝果，yummy,30种贝果三明治
yyds,30种贝果三明治
"💀《狮子王》刀疤阴险狡诈的跟班~土狼！
😍培根生菜蛋三明治，猕猴桃苹果花，热牛奶，干脆面！
👊若事事都如人愿，那还努力做什么！加油吧，我们💪",超级好吃的黄金三明治🥪
太软的面包不行，得稍微硬点,超级好吃的黄金三明治🥪
烤的时间太短了 有点软,超级好吃的黄金三明治🥪
,超级好吃的黄金三明治🥪
,超级好吃的黄金三明治🥪
黄金三明治,超级好吃的黄金三明治🥪
营养，好吃,超级好吃的黄金三明治🥪
加油生活！(ง •̀_•́)ง,超级好吃的黄金三明治🥪
第一次做做了两种口味，特别好吃,超级好吃的黄金三明治🥪
,超级好吃的黄金三明治🥪
,超级好吃的黄金三明治🥪
#早餐•2020年9月15日#,超级好吃的黄金三明治🥪
#早餐•2020年3月13日#,超级好吃的黄金三明治🥪
"#早餐•2019年12月30日#
自已做的吐司  吃不完剩下做的三明治",超级好吃的黄金三明治🥪
为娃做的早餐#早餐•2019年12月24日#,超级好吃的黄金三明治🥪
再烤久一点还要好吃点。,超级好吃的黄金三明治🥪
"三明治公式：
面包+酱（沙拉酱/番茄酱）+蛋白质（鸡蛋/奶酪/火腿/午餐肉）+蔬菜（球生菜/黄瓜/番茄）
#早餐•2022年7月31日#",快手早餐三明治🥪
#早餐•2022年4月20日#,快手早餐三明治🥪
#早餐•2022年4月18日#,快手早餐三明治🥪
火腿肠、荷包蛋、白糯玉米、自制(牛肉番茄鸡蛋）三明治、香菇鲜肉包、热枇杷膏水、香芋椰奶东京丸羹、果拼#早餐•2022年2月21日#,快手早餐三明治🥪
自制(牛肉番茄鸡蛋）三明治#早餐•2022年2月21日#,快手早餐三明治🥪
#早餐•2022年1月23日#,快手早餐三明治🥪
#早餐•2021年12月11日# 更新三明治,快手早餐三明治🥪
#早餐•2021年11月30日# 没有火腿，用的鸡胸肉，简单又美味,快手早餐三明治🥪
"#午餐•2021年10月16日# 
昨天的肉味道调的还不戳，煎出来肉饼喷喷香诶",快手早餐三明治🥪
#早餐•2021年7月28日#,快手早餐三明治🥪
三明治机器做出来的，外皮有点脆。味道不错,快手早餐三明治🥪
蛋没煎好，生菜昨晚去超市卖完了，但还是很好吃的！！,快手早餐三明治🥪
#早餐•2021年4月13日#,快手早餐三明治🥪
味道不错啊！好吃,快手早餐三明治🥪
#早餐•2019年9月28日#,超级好吃的黄金三明治🥪
首秀，只受到儿子的好评！,超级好吃的黄金三明治🥪
"#早餐•2021年4月9日# 
为什么包不紧呢？",快手早餐三明治🥪
#早餐•2021年3月22日#,快手早餐三明治🥪
#早餐•2021年3月20日#,快手早餐三明治🥪
分享图片,快手早餐三明治🥪
甜洒,暖宫补血汤！调月经，改善贫血！
送给老婆的礼物！,暖宫补血汤！调月经，改善贫血！
冰粉版暖宫汤😂，这可以吗？,暖宫补血汤！调月经，改善贫血！
懒得水煮鸡蛋，所以就直接放进去煮了,暖宫补血汤！调月经，改善贫血！
分享图片,日本711同款鸡蛋三明治，好吃好吃
#一人食# 非常好吃哦，我偷懒没过筛，用硅胶铲直接弄碎的，口感也不错，方子里的量做了3个整的三明治。早餐配上咖啡或者牛奶超幸福！,日本711同款鸡蛋三明治，好吃好吃
#早餐•2022年3月23日#没有蛋黄酱，就放了沙拉酱，味道也很不错，还加了香肠，完美复刻便利店鸡蛋沙拉三明治🥪,日本711同款鸡蛋三明治，好吃好吃
口感细腻，味道咸香。鸡蛋煮好就捞出来，颜色会更金黄一点。,日本711同款鸡蛋三明治，好吃好吃
#早餐•2021年1月22日#,日本711同款鸡蛋三明治，好吃好吃
分享图片,日本711同款鸡蛋三明治，好吃好吃
#早餐•2020年10月19日#   加上灵魂的肉松，哇~~好吃,日本711同款鸡蛋三明治，好吃好吃
#早餐•2022年5月18日# 减半，开放式，好吃,日本711同款鸡蛋三明治，好吃好吃
#早餐•2021年12月10日#,日本711同款鸡蛋三明治，好吃好吃
哈哈哈又做了一次，这次美乃滋是看心情放的，上面那层土豆泥＋芝士碎，中间加了一点黄瓜薄片和黄瓜圈中和了一下,日本711同款鸡蛋三明治，好吃好吃
很好吃啊,超美味❗️乳酪三明治
时间长了点 有点焦,超美味❗️乳酪三明治
分享图片,超美味❗️乳酪三明治
"#早餐•2020年6月18日#
烤鸡腿+煎蛋+芝士片+ 西红柿片，包！
烤牛肉+煎蛋+芝士片+西红柿片，包！",月瘦10斤关晓彤三明治
分享图片,月瘦10斤关晓彤三明治
分享图片,月瘦10斤关晓彤三明治
#晚餐•2021年8月10日#,月瘦10斤关晓彤三明治
#早餐•2021年6月20日# 包得乱78糟但是好好吃啊！我爱番茄酱！啊！感谢您赐予我的三明治生命！,月瘦10斤关晓彤三明治
豆皮三明治 ～#晚餐•2021年5月17日#,月瘦10斤关晓彤三明治
分享图片,月瘦10斤关晓彤三明治
食材不足，只能用提子面包代替蔬菜，用培根代替肉松，想到吃进去的热量都能化作脂肪守护我，激动的泪水不禁顺着嘴角流下,月瘦10斤关晓彤三明治
"#早餐breakfast✨# 
主食换成了热狗肠🤤
肉松真的是灵魂!爱了爱了",月瘦10斤关晓彤三明治
分享图片,月瘦10斤关晓彤三明治
裹好了，发现肉还在烤箱里没拿出来。😅,月瘦10斤关晓彤三明治
jiangjiang～,月瘦10斤关晓彤三明治
,月瘦10斤关晓彤三明治
加了卷心菜碎和苹果丁，解腻又好吃！,日本711同款鸡蛋三明治，好吃好吃
黑麦面包版 好吃嘿嘿😬完美解决不爱吃煮鸡蛋的问题,日本711同款鸡蛋三明治，好吃好吃
#早餐•2020年7月1日# 蛋黄呢没有过筛，但是依然很好吃,日本711同款鸡蛋三明治，好吃好吃
不是很好吃呢,日本711同款鸡蛋三明治，好吃好吃
分享图片,日本711同款鸡蛋三明治，好吃好吃
方子不错 可以媲美日本便利店同款 还做了芝士鸡胸三明治 开开心心去野餐#午餐•2021年5月23日#,日本711同款鸡蛋三明治，好吃好吃
美乃滋多放点应该更好吃些🙃,日本711同款鸡蛋三明治，好吃好吃
做的不好看，但是味道很不错👍,日本711同款鸡蛋三明治，好吃好吃
#午餐•2020年6月24日#,月瘦10斤关晓彤三明治
分享图片,月瘦10斤关晓彤三明治
分享图片,月瘦10斤关晓彤三明治
分享图片,月瘦10斤关晓彤三明治
很美味！荷包蛋配番茄酱yyds～,月瘦10斤关晓彤三明治
分享图片,快手早餐三明治
#晚餐•2020年8月18日#,快手早餐三明治
分享图片,快手早餐三明治
分享图片,快手早餐三明治
分享图片,快手早餐三明治
#午餐•2020年6月15日# 早起做肥牛盖饭 顺便做个自己的午餐🥣,快手早餐三明治
很棒的方子，谢谢呀❤️,快手早餐三明治
简单快捷好吃～,快手早餐三明治
没有芝士，就这样做的，味道很好！,快手早餐三明治
第一次做还挺成功呀~,快手早餐三明治
不错,快手早餐三明治
早餐🌞,快手早餐三明治
简直完美,快手早餐三明治
交作业啦,随意任性发挥的早餐三明治
#午餐•2022年2月28日#,随意任性发挥的早餐三明治
#早餐•2021年10月25日#,随意任性发挥的早餐三明治
#乖宝早餐记录# 初三小女生早餐#早餐•2021年3月6日#,随意任性发挥的早餐三明治
#早餐•2020年4月24日#,随意任性发挥的早餐三明治
用的花生酱，也好吃   #早餐•2020年4月16日#,随意任性发挥的早餐三明治
#早餐•2019年11月18日# #瘦身#,随意任性发挥的早餐三明治
快捷早餐？不存在的 我做了起码45min,随意任性发挥的早餐三明治
,随意任性发挥的早餐三明治
郁闷的心情因为图二稍微缓解#午餐•2021年7月21日#,随意任性发挥的早餐三明治
"free style～#早餐•2020年5月23日# 
一下子吃完了😁，因为真的太好吃～(￣▽￣～)~
but……中午饭省了hhhhhh",随意任性发挥的早餐三明治
"#早餐•2020年5月3日# #元气老阿姨# 
今天的早餐有点晚😑😑😑放假就是这么任性～",随意任性发挥的早餐三明治
"#早餐•2020年4月29日# #元气老阿姨# 做了三明治🥪……嗯……主要是懒得开火🔥
然后……加了个后续……感谢麻麻对我的小辣鸡设定…………在麻麻眼里我可能只会吃外卖🙃🙃",随意任性发挥的早餐三明治
挺好吃的，就是蛋奶液量太多用不完只能浪费了。,儿子最爱吃的三明治
素三明治🥪：吐司片➕生菜➕黄瓜➕肉松➕生菜➕黄瓜➕肉松➕芝士片➕面包片➕马拉里苏芝士碎番茄酱加热融化（200度预热，10分钟）,儿子最爱吃的三明治
#早餐•2020年9月9日#,儿子最爱吃的三明治
分享图片,儿子最爱吃的三明治
分享图片,儿子最爱吃的三明治
分享图片,儿子最爱吃的三明治
#早餐•2021年7月24日#,儿子最爱吃的三明治
简单易学，孩子爱吃,儿子最爱吃的三明治
快速上手,儿子最爱吃的三明治
就是蛋液调的有点多，不知道用来干啥。三明治很好吃，我加了两片西红柿，味道很好。,儿子最爱吃的三明治
美好的一天从早餐开始～,儿子最爱吃的三明治
分享图片,儿子最爱吃的三明治
不错,儿子最爱吃的三明治
娃喜欢，我塞了很多肉松｡◕‿◕｡#早餐•2020年6月25日#,儿子最爱吃的三明治
周日早安！寒冷的冬天来碗温暧的四红粥。沒想到在这乡下地方也能买到这么新鲜的草莓，搭配酸奶真好吃。 #早餐•2015年12月6日##我的轻食新主张#,经典古方：补血四红粥
"多喝四红补血粥，不但可以补血养颜，还可以红润皮肤，吃出好气色。


#晚餐•2015年10月3日#",经典古方：补血四红粥
"四红汤
四红、加一点紫米
吼吼喝😋
友友们周末快乐🎉😊

 #晚餐•2017年8月19日##东西南北中 采撷炙美馔·熊熊果园#",经典古方：补血四红粥
#三明治🥪！# 做起来简单还好吃😋#早餐•2020年4月23日#,快手早餐三明治
分享图片,快手早餐三明治
儿子的早餐，完美,快手早餐三明治
#早餐•2020年4月13日#,快手早餐三明治
分享图片,快手早餐三明治
噢 下次得绑紧点儿 🥪#一人食##早餐早餐#,随意任性发挥的早餐三明治
,随意任性发挥的早餐三明治
失败的作品啊啊啊,随意任性发挥的早餐三明治
和女儿去旅游，自己的做的三明治,随意任性发挥的早餐三明治
分享图片,随意任性发挥的早餐三明治
孩子喜欢吃,儿子最爱吃的三明治
真心不错好吃,儿子最爱吃的三明治
快手早餐，很棒哦,儿子最爱吃的三明治
味道确实很好，小朋友很爱吃，黄瓜换成了番茄，肉松换成了炒鸡蛋， 就是番茄酱挤的好难看，还不小心被我碰到了，哈哈，还好她不嫌弃#早餐•2020年9月12日#,儿子最爱吃的三明治
#晚餐•2017年3月22日##春天就酱吃#煲的时候真的是香死了😍😍😍红豆红芸豆泡了一夜，加了血糯米和黑米煮的,经典古方：补血四红粥
#早餐•2018年3月6日#,经典古方：补血四红粥
#早餐•2016年1月22日#早餐喝粥😄,经典古方：补血四红粥
来大姨妈了补补，煮了一锅估计要吃一天了 #午餐•2016年10月9日#,经典古方：补血四红粥
"大米红米黑米糯米燕麦米薏米，莲子银耳花生，红豆红糖红枣，十二全大补粥🙈
继续喝粥不能停(๑•̀ω•́๑)
早餐•D53
#吃货新煮意 夏季不再苦#
#早餐•2017年6月14日#",经典古方：补血四红粥
"#早餐•2017年6月13日#早上继续喝超级营养的甜粥😁😁一熬一大锅可以喝好几顿~
#吃货新煮意 夏季不再苦##美味代言，心更近##夏日健康醋饮#
黄小厨版的泡面感觉超级好吃啊喂喂~居然先炒料包，我的妈口水哗哗的~~",经典古方：补血四红粥
#午餐•2016年5月5日#放的赤小豆和血糯米。我在想，多吃一点这个，会不会让我变得面若桃花，人见人爱一点～,经典古方：补血四红粥
"秋冬必备我的最爱，还是喜欢熬得粘稠的粥！
顺带表扬我家这口20年历史的电砂锅,几十年如一日静静为家人服务👏🏻👏🏻👏🏻 #早餐•2016年10月20日#",经典古方：补血四红粥
"四红粥🌤暖心

女士每个月都有那么几天要大补☺️

哈哈！

是家里的料煮不了腊八粥啦😄 #早餐•2018年1月24日##一人食##L O V  E简单#",经典古方：补血四红粥
爸妈不喜欢杂豆粥，所以用四红粥的原料加大米煮粥，甜甜的好好喝呀🎉 #早餐•2017年11月22日##小菜下厨记#,经典古方：补血四红粥
"四物补血粥
我还加了蜜枣进去～好喝！ #早餐•2017年6月12日##一家三口早餐#",经典古方：补血四红粥
"听说今天是小年，祝各位亲们小年快乐🌹
今天碰巧准备了黄金糕当早餐，希望也18年也能步步高升😁此外还有热乎乎的补血四红粥+橙子+每日坚果，完美😄✌️ #早餐•2018年2月8日#",经典古方：补血四红粥
#晚餐•2016年5月12日#,经典古方：补血四红粥
补血四红汤，瑭的方子超赞，大家早安！ #早餐•2016年3月2日#,经典古方：补血四红粥
#早餐•2015年11月1日#杂粮粥,经典古方：补血四红粥
#早餐•2020年11月27日# 做了好几块，来不及拍照，太好吃了，就剩一块小的可以拍照了，孩子不喜欢色拉酱也不喜欢生菜，所以都没放，只放了培根厚蛋和芝士，超级好吃😋,芝士厚蛋烧三明治
生菜用黄瓜代替，芝士片由芝士碎代替。营养肯定够。一个人吃不完。两个鸡蛋也太多，放不进去。#午餐•2020年10月31日#,芝士厚蛋烧三明治
很纳斯,芝士厚蛋烧三明治
鸡蛋少了点，孩子喜欢吃,芝士厚蛋烧三明治
分享图片,芝士厚蛋烧三明治
nice,芝士厚蛋烧三明治
,芝士厚蛋烧三明治
分享图片,芝士厚蛋烧三明治
我把两片面包里面放上芝士碎，再在锅上烤，做成厚切片hhhhh,芝士厚蛋烧三明治
分享图片,芝士厚蛋烧三明治
买不到厚吐司，只能薄的来凑合了，两个鸡蛋做了两份三明治，再加两片火腿片，再来点绿色就更完美了,芝士厚蛋烧三明治
分享图片,芝士厚蛋烧三明治
好看又好吃～,芝士厚蛋烧三明治
好吃，巨大一个当午餐了~,芝士厚蛋烧三明治
#晚餐•2021年1月5日#,芝士厚蛋烧三明治
好好吃#早餐•2022年6月7日#,芝士厚蛋烧三明治
分享图片,芝士厚蛋烧三明治
分享图片,不同五红汤来补气养血
用了 红枣 红豆 枸杞 红皮花生 黑米,不同五红汤来补气养血
#早餐•2020年11月12日# 五红汤,不同五红汤来补气养血
不知道什么体质，单纯姨妈期补气血，很好喝呀,不同五红汤来补气养血
做完了才看到还有那么多讲法，下次我研究好了再做……先吃饱,不同五红汤来补气养血
分享图片,不同五红汤来补气养血
分享图片,超简单早午餐三明治
分享图片,超简单早午餐三明治
黑了哈哈，但是能吃，下回注意,超简单早午餐三明治
反正挺好看,超简单早午餐三明治
很不错，颜值也在线。,超简单早午餐三明治
分享图片,超简单早午餐三明治
颜值和味道都在线,超简单早午餐三明治
分享图片,超简单早午餐三明治
味道不错，只是保鲜膜包的不紧，一切开就散,超简单早午餐三明治
分享图片,超简单早午餐三明治
分享图片,超简单早午餐三明治
分享图片,超简单早午餐三明治
分享图片,超简单早午餐三明治
分享图片,超简单早午餐三明治
分享图片,超简单早午餐三明治
分享图片,超简单早午餐三明治
喝了很好睡，至于补气还需要观察,「养生小秘方」治失眠 补气血 增强免疫力效果超好！牛筋草小麦汤煮蛋  ！
#午餐•2021年2月22日# 第一次吃 ，希望有效。,「养生小秘方」治失眠 补气血 增强免疫力效果超好！牛筋草小麦汤煮蛋  ！
请问是这个草吗,「养生小秘方」治失眠 补气血 增强免疫力效果超好！牛筋草小麦汤煮蛋  ！
#早餐•2021年4月11日# 感谢楼主的方子，准备给老爸每天早上吃蛋喝汤，前两天和老公只喝汤水，明显感觉入睡蛮快的，会坚持服用。谢谢！,「养生小秘方」治失眠 补气血 增强免疫力效果超好！牛筋草小麦汤煮蛋  ！
今天收到就马上泡了开煮，希望有效果,「养生小秘方」治失眠 补气血 增强免疫力效果超好！牛筋草小麦汤煮蛋  ！
喝着就是比较清淡的味道，我额外放了点红糖。,「养生小秘方」治失眠 补气血 增强免疫力效果超好！牛筋草小麦汤煮蛋  ！
今天第一天喝 ，早上煮蛋喝汤了，剩下的当水喝，就是一股青草味儿，试几天再来反馈,「养生小秘方」治失眠 补气血 增强免疫力效果超好！牛筋草小麦汤煮蛋  ！
,「养生小秘方」治失眠 补气血 增强免疫力效果超好！牛筋草小麦汤煮蛋  ！
,「养生小秘方」治失眠 补气血 增强免疫力效果超好！牛筋草小麦汤煮蛋  ！
睡眠不好，看看有没有效果,「养生小秘方」治失眠 补气血 增强免疫力效果超好！牛筋草小麦汤煮蛋  ！
这味道真的是😭😭😭在辣条的帮助下喝了大半碗，希望今天能睡好,「养生小秘方」治失眠 补气血 增强免疫力效果超好！牛筋草小麦汤煮蛋  ！
分享图片,「养生小秘方」治失眠 补气血 增强免疫力效果超好！牛筋草小麦汤煮蛋  ！
是这种吗？,「养生小秘方」治失眠 补气血 增强免疫力效果超好！牛筋草小麦汤煮蛋  ！
"芝士厚蛋烧三明治
面包机做的面包不完美！",芝士厚蛋烧三明治
完美,超级好吃的黄金三明治🥪
#早餐•2019年8月30日# 五年级小学生终于迎来开学啦，这里应该有掌声👏 用漂亮的三明治来开启新的一学年吧！,超级好吃的黄金三明治🥪
今天的午餐,超级好吃的黄金三明治🥪
#晚餐•2019年6月4日#,超级好吃的黄金三明治🥪
分享图片,超级好吃的黄金三明治🥪
#早餐•2020年10月24日# 好吃，易做，就是切的时候把一块给摁扁了,超级好吃的黄金三明治🥪
#早餐•2020年5月10日# 母亲节brunch特供🌺feat因乳酪不足有点丑丑的黄金三明治🥪火腿肉松沙拉酱果真黄金组合😋母上表示很满意🥂,超级好吃的黄金三明治🥪
烤得刚刚好，没有像楼主一样做多层的，但是自己加了点番茄和生菜，也很营养。,超级好吃的黄金三明治🥪
#时光微微甜# #晚餐•2019年10月5日# 就来了,超级好吃的黄金三明治🥪
糊了一个,超级好吃的黄金三明治🥪
爱了爱了，终于找到个好的三明治配方了，把切的烤肠片换成火腿片，卖相就更完美了，每片面包都可以粘得上了，太好吃了。,超级好吃的黄金三明治🥪
分享图片,超级好吃的黄金三明治🥪
再上传一张侧面的，继续完美,超级好吃的黄金三明治🥪
吃了马上就喉咙痛了,超级好吃的黄金三明治🥪
#早餐•2019年7月7日#,超级好吃的黄金三明治🥪
没有沙拉酱，用草莓酱代替的，也没放肉松，加了火腿肠和鸡蛋,超级好吃的黄金三明治🥪
所有你爱的都可以包进去,快手早餐三明治🥪
#早餐•2020年10月30日#,快手早餐三明治🥪
#早餐•2021年12月22日#,快手早餐三明治🥪
全麦三明治，切片买的现成的，一包2片，里面有生菜，鸡蛋，午餐肉，番茄！#早餐•2021年12月12日#,快手早餐三明治🥪
#早餐•2021年11月23日# 鸡胸肉饼➕煎蛋➕番茄,快手早餐三明治🥪
第一次做三文治，跟着博主的做法做出来还可以啊，感谢分享哦#午餐•2021年10月17日#,快手早餐三明治🥪
#早餐•2021年8月7日# 牛油果培根鸡蛋三明治,快手早餐三明治🥪
"1.芝士可以在煎蛋出锅前放在上边，不然就是冷片放。
2.油分两次放，培根和煎蛋用油独立，步骤就可调了。
#早餐•2021年8月4日#",快手早餐三明治🥪
#早餐•2021年8月1日# 少了点生菜和番茄 ，不过依旧好吃😄,快手早餐三明治🥪
嘻嘻嘻，不错滴,快手早餐三明治🥪
还不错，就是番茄酱放多了，把其他食材的味道都盖住了～,快手早餐三明治🥪
快手早餐  三明治+杂粮豆浆,快手早餐三明治🥪
方便快捷又好吃😋#早餐•2021年4月16日#,快手早餐三明治🥪
分享图片,快手早餐三明治🥪
Delicious!,快手早餐三明治🥪
月子餐,超级补气血的鸽子汤
"炖鸽子
#午餐•2021年4月5日# 
黄芪红枣枸杞西洋参姜片鸽子",超级补气血的鸽子汤
"今天买的是灰鸽！
#午餐•2022年1月2日#",超级补气血的鸽子汤
第一次尝试，成功✌️,超级补气血的鸽子汤
宝宝说比外面卖的好吃,超级好吃的黄金三明治🥪
分享图片,超级好吃的黄金三明治🥪
#早餐•2022年6月26日# #三明治🥪！#,快手早餐三明治🥪
好吃😄😄😄#晚餐•2022年6月6日#,快手早餐三明治🥪
#早餐•2022年5月25日#,快手早餐三明治🥪
分享图片,月瘦10斤关晓彤三明治
分享图片,月瘦10斤关晓彤三明治
分享图片,月瘦10斤关晓彤三明治
分享图片,月瘦10斤关晓彤三明治
算了一下热量也太低了吧😃,月瘦10斤关晓彤三明治
分享图片,月瘦10斤关晓彤三明治
感觉还是吃不来生菜,月瘦10斤关晓彤三明治
"秀色可餐 又方便快捷 
西红柿鸡蛋加丘比甜味沙拉酱真的是绝配",月瘦10斤关晓彤三明治
我觉得我做的没毛病，但吃起来味道没有那么那么好吃，就是还凑合的感觉。最关键的，真的是不太方便吃呢,月瘦10斤关晓彤三明治
鸡胸肉是某宝买的，这个是真的鸡小胸，煎一煎味道特别好。一个吃完觉得很饱，不过过一会就饿了，毕竟没有主食。,月瘦10斤关晓彤三明治
口感不错，很猪吸～,月瘦10斤关晓彤三明治
放了千岛酱和牛肉饼，不错不错,月瘦10斤关晓彤三明治
这个味道，我觉得还高兴，我老公他说得习惯习惯……,日本711同款鸡蛋三明治，好吃好吃
三个鸡蛋 两片火腿 还有一片芝士,日本711同款鸡蛋三明治，好吃好吃
因为想给家里一岁多小娃娃吃，没放盐，蛋黄酱也没敢挤多少，整体味道很淡，但能吃出香香的味道；想要更好吃，下次得正常放调味料,日本711同款鸡蛋三明治，好吃好吃
消耗吐司的好办法，早餐有了，第二次做更熟手了,日本711同款鸡蛋三明治，好吃好吃
为我的新压模开光嘻嘻😜是small size的全麦吐司，两片一共50g，差一点够不上模具…压完再用电饼铛加热几分钟我觉得完全可以取代早餐机了！！！而且我这次加热得稍微久了些，面包表面超级酥脆而且又没焦，吃一口幸福感满满呜呜呜！第一次吃这种鸡...,日本711同款鸡蛋三明治，好吃好吃
超好吃,日本711同款鸡蛋三明治，好吃好吃
分享图片,日本711同款鸡蛋三明治，好吃好吃
好吃，吞拿鱼鸡蛋三明治,日本711同款鸡蛋三明治，好吃好吃
第一次做，没有蛋黄酱，5个鸡蛋，加了两小片生菜叶碎，小朋友很喜欢，我自己吃起来也不错的。胡椒粉放多一点比较，或者下次换成黑胡椒试一下。#午餐•2022年4月4日#,日本711同款鸡蛋三明治，好吃好吃
#晚餐•2021年8月20日#,日本711同款鸡蛋三明治，好吃好吃
分享图片,日本711同款鸡蛋三明治，好吃好吃
#晚餐•2021年3月16日#,日本711同款鸡蛋三明治，好吃好吃
味道还行，偶尔换换口味。家里没有蛋黄酱，用了50克沙拉酱，四个鸡蛋，可能土鸡蛋蛋黄太小，所以按配方做出来有点湿，下次调整一下。,日本711同款鸡蛋三明治，好吃好吃
吐司是自己烤的咸吐司，搭配起来还不错超填腹的,日本711同款鸡蛋三明治，好吃好吃
#晚餐•2022年4月6日# 夹在了自己做的面包里，好吃,日本711同款鸡蛋三明治，好吃好吃
#晚餐•2021年8月2日#,夏天多喝这道汤，不但清热还补血抗衰老
好喝#午餐•2021年7月27日#,夏天多喝这道汤，不但清热还补血抗衰老
第一次做这个猪肝汤，味道还行,夏天多喝这道汤，不但清热还补血抗衰老
#午餐•2021年8月17日# 这个汤很好喝，制作又简单,夏天多喝这道汤，不但清热还补血抗衰老
第一次做猪肝，，洗猪肝真的洗了好久啊。。,夏天多喝这道汤，不但清热还补血抗衰老
#午餐•2022年4月15日#,夏天多喝这道汤，不但清热还补血抗衰老
#晚餐•2022年3月5日# 哈哈 是针不戳^^,夏天多喝这道汤，不但清热还补血抗衰老
#午餐•2022年4月17日# 第二次搞定香菇蒸滑鸡，撒了虫草花、红枣片,夏天多喝这道汤，不但清热还补血抗衰老
#晚餐•2022年7月27日#,夏天多喝这道汤，不但清热还补血抗衰老
#晚餐•2022年3月25日#,夏天多喝这道汤，不但清热还补血抗衰老
#晚餐•2022年3月19日# 汤很好喝，猪肝煮好去送饭都还很嫩！这汤不错！,夏天多喝这道汤，不但清热还补血抗衰老
照着步骤一点点做，猪肝因为不是新鲜刚买回来的，真的洗了好多遍，感觉20遍都没有洗出清澈的感觉。枸杞叶没有买到，用菠菜叶代替了，好在口感还能接受。感谢分享，孕期为了补铁也是拼了。,夏天多喝这道汤，不但清热还补血抗衰老
交作业啦～没有买到枸杞叶，用的菠菜苗，猪肝洗了二三十遍，但是猪肝依然有属于它的味道，肉片出乎意料的好吃，以后我还是做肉片菠菜汤吧#晚餐•2022年3月22日#,夏天多喝这道汤，不但清热还补血抗衰老
方法不错哦,夏天多喝这道汤，不但清热还补血抗衰老
#午餐•2022年5月4日#,夏天多喝这道汤，不但清热还补血抗衰老
实话讲不太好包。但是味道还是可以的。放了牛排还有优形鸡胸肉。其他就是有什么放什么，点一点黑椒酱。减肥不好说，但是健身餐是可以的,月瘦10斤关晓彤三明治
就是不太会卷,月瘦10斤关晓彤三明治
分享图片,月瘦10斤关晓彤三明治
,月瘦10斤关晓彤三明治
分享图片,月瘦10斤关晓彤三明治
"#午餐🥗# 
太难吃了，已和鸡胸肉一并加入黑名单。
放过自己放过食物。",月瘦10斤关晓彤三明治
减脂版蛋黄酱太淡了！加到鸡蛋里完全没有味道，不推荐,日本711同款鸡蛋三明治，好吃好吃
十个蛋做了五份#早餐•2020年10月11日#,日本711同款鸡蛋三明治，好吃好吃
超好吃，用吐司机烤了一下,日本711同款鸡蛋三明治，好吃好吃
我放的汤太多了味道有一点点淡，下次放一点鸡精粉进去，枸杞叶太少，应该把一把全部放进去，肉下次可放多一点买少了。,夏天多喝这道汤，不但清热还补血抗衰老
枸杞叶煮花蛤也很不错～,夏天多喝这道汤，不但清热还补血抗衰老
确实很好喝，一点都不腥,夏天多喝这道汤，不但清热还补血抗衰老
分享图片,随意任性发挥的早餐三明治
做了两个#早餐•2020年4月16日# 好吃啊,随意任性发挥的早餐三明治
#早餐•2020年3月14日#,随意任性发挥的早餐三明治
第一次 有点失败  晚上回去再做一个试试,随意任性发挥的早餐三明治
,随意任性发挥的早餐三明治
鸡胸肉芝士三明治 每天早上给自己做早餐真的很幸福啊～😘😘,随意任性发挥的早餐三明治
宾堡的全麦吐司~现在基本上每天中午都会做三明治吃，非常方便，而且很管饱！,随意任性发挥的早餐三明治
吐司+生菜+番茄沙司+煎蛋+黄瓜片或许可以+火腿+番茄沙司+生菜+吐司 #早餐•2019年7月2日# 保鲜膜大法真的不错。可是我的吐司太小片了。,随意任性发挥的早餐三明治
炸了几粒鸡米花当肉类，美味,随意任性发挥的早餐三明治
"#早餐•2022年1月15日# 
纯纯的任性发挥，用的椰蓉吐司，紫薯泥绝绝子～",随意任性发挥的早餐三明治
#早餐•2021年7月21日# 扎扎实实,随意任性发挥的早餐三明治
,随意任性发挥的早餐三明治
好像不够厚和丰盛#早餐•2020年8月15日#,随意任性发挥的早餐三明治
#早餐•2020年6月21日#,随意任性发挥的早餐三明治
#早餐•2020年2月25日#,随意任性发挥的早餐三明治
好吃,快手早餐三明治
简单好做，我就是没切,快手早餐三明治
烤箱180°加热7min 面包酥酥香香软软的！！！口感刚刚好～不会有全麦面包的发酵酸味儿 全是香喷喷的～里面蛋黄沙拉酱和芝士特别香 灵魂存在！加上火腿生菜番茄超级搭！有种KFC汉堡的味道～,快手早餐三明治
#早餐•2020年3月13日# 好吃，简单做,快手早餐三明治
番茄酱代替了沙拉酱#早餐•2020年3月11日#,快手早餐三明治
好吃好吃(｢･ω･)｢,快手早餐三明治
简单快手纯肉三文治,快手早餐三明治
#早餐•2019年12月8日#,快手早餐三明治
,快手早餐三明治
#早餐•2022年7月26日# 没有生菜了 缺少绿色,快手早餐三明治
分享图片,快手早餐三明治
分享图片,快手早餐三明治
分享图片,快手早餐三明治
营养  好吃,快手早餐三明治
每天都吃的早餐，棒棒哒,快手早餐三明治
周末早餐，南瓜小米粥和自制三明治，用华荣西饼的经典沙拉吐司做，更简单美味，省了自己买沙拉酱#早餐•2020年7月19日#,快手早餐三明治
分享图片,快手早餐三明治
#晚餐•2015年11月10日#,经典古方：补血四红粥
用豆浆机打成补血四红饮也是个不错的选择 #早餐•2016年10月21日#,经典古方：补血四红粥
四红粥的料放点大米煮成的粥，冬日清晨喝上一杯暖暖的 #早餐•2017年11月23日##小菜下厨记#,经典古方：补血四红粥
#晚餐•2018年4月8日#宵夜😁,经典古方：补血四红粥
"隔水炖锅真是个超级实用的小家电呢～～
回来就有现成的饭和汤，炒个菜就完成晚餐了👏🏻 #晚餐•2016年10月20日#",经典古方：补血四红粥
补血四红粥 #早餐•2018年3月10日#,经典古方：补血四红粥
#晚餐•2017年10月29日#,经典古方：补血四红粥
"四红粥
 #晚餐•2017年10月19日#",经典古方：补血四红粥
"#早餐•2015年11月28日##佳沛奇异果小课堂#粮仓遭遇老鼠打劫，凑半天凑个二半调子的“四红”。
天太冷了，暖和的地儿挤个位置，希望瑭别给我踢下车哈^_^！大家周末嗨皮！",经典古方：补血四红粥
#晚餐•2017年9月1日#我是用电饭煲做的，煲了两小时，红枣是剩四十分钟的时候放进去的，刚好，不会太烂,经典古方：补血四红粥
"#早餐•2017年3月29日#🎃🎃
#补血粥#
#麻薯球#

早安",经典古方：补血四红粥
早上起迟了，紧赶慢赶还是没有吃上，那就留着午饭后来一碗吧~ #午餐•2016年5月29日##在家闲着要学会做饭呐(ง •̀ω•́)ง✧#,经典古方：补血四红粥
#晚餐•2020年8月26日#,儿子最爱吃的三明治
分享图片,儿子最爱吃的三明治
分享图片,儿子最爱吃的三明治
#早餐•2020年6月12日#,儿子最爱吃的三明治
明天早上的早餐，自己做的吐司，切的有点丑,儿子最爱吃的三明治
感谢楼主的分享，很好吃(｢･ω･)｢嘿,儿子最爱吃的三明治
#早餐•2020年6月8日# 豪华版三明治🥪👍,儿子最爱吃的三明治
我吃着甜了点，夹层没有芝士，放的煎蛋和自制肉肠片。,儿子最爱吃的三明治
分享图片,儿子最爱吃的三明治
第一次做芝士鸡蛋三明治当早餐吃，很成功，感谢楼主分享的食谱，下次再多加点料#早餐•2020年4月19日#,儿子最爱吃的三明治
香飘飘的早晨！ #早餐•2015年11月22日#,补血补肾快煮粥
秋天干燥，要滋润滋润才好！ #午餐•2015年10月31日###补血补肾快煮粥##,补血补肾快煮粥
好大的叉烧包 #早餐•2016年1月9日#,补血补肾快煮粥
早午餐一起了 #午餐•2014年11月2日#,补血补肾快煮粥
昨晚做的现在吃。简单操作，但好吃。#早餐•2015年1月11日#,补血补肾快煮粥
"#早餐•2018年8月8日#补血粥
瞎眼贝果
牛肉🐮＋香菇鸡肉肠
蔬菜沙拉+柠檬汁＋黑胡椒＋核桃仁",补血补肾快煮粥
半夜想起健康粥，冷缩缩地爬起来洗了黑豆、红豆、黑芝麻、黃小米、花生仁、核桃仁、红枣，电饭煲预约今早6点煲好。冰糖换成了5颗红枣，淡淡的甜味 #早餐•2015年2月5日#,补血补肾快煮粥
"#早餐•2020年9月28日#                      💪
不要问一件事情值不值得
只要你喜欢 你坚持
就是值！
早安～🌹🌞🌈",补血补肾快煮粥
新年快乐！2014年在下厨房里学会了很多，多谢美丽又能干的厨友们分享各种的美食方法和美照！祝福大家2015年幸福快乐！ #早餐•2015年1月1日#,补血补肾快煮粥
"黑豆啊黑豆， 你为啥那么难煮软QAQ
黑豆，红豆，薏米，小米，黑芝麻，黑米，百合。。。红糖",补血补肾快煮粥
小白糖糕……,补血补肾快煮粥
#晚餐•2018年7月22日#分层美丽版和大力搅拌版😂，每天来一勺,补血补肾快煮粥
黑米粥#早餐•2014年12月13日#,补血补肾快煮粥
,补血补肾快煮粥
加了点糯米，分量随意。用压力锅超方便。,补血补肾快煮粥
"#早餐•2020年2月9日# 
自己做的面包三文治🥪",随意任性发挥的早餐三明治
营养丰富,随意任性发挥的早餐三明治
,随意任性发挥的早餐三明治
挺简单的早餐,快手早餐三明治
#早餐•2017年11月16日#,经典古方：补血四红粥
最后一天的假期，下午煮了补血养颜汤，美美哒！ #午餐•2015年10月7日#,经典古方：补血四红粥
#补血# #午餐•2019年1月22日# 给妈妈补气血的 还不错,经典古方：补血四红粥
加上糯米煮粥，电饭锅闷了3个小时，好糯好糯 #早餐•2018年1月31日##小菜下厨记#,经典古方：补血四红粥
#晚餐•2017年11月18日#等到花儿都谢了😄,经典古方：补血四红粥
#早餐•2017年1月9日#,经典古方：补血四红粥
"#晚餐•2021年7月17日# 
一半已下肚，还有一半留明天早饭吧。四片吐司涂了蛋奶液烤了一下就是松软好吃些。",儿子最爱吃的三明治
买的吐司片，夹了鸡蛋，火腿，培根。很好吃哦,儿子最爱吃的三明治
分享图片,儿子最爱吃的三明治
不错，女儿很喜欢吃。,儿子最爱吃的三明治
不开裂，不回缩的杯子🍰,儿子最爱吃的三明治
女儿说很好吃😋,儿子最爱吃的三明治
分享图片,儿子最爱吃的三明治
最下层太软了，没烤干，是火候不到吗？,儿子最爱吃的三明治
还不错 #午餐•2014年12月5日#,补血补肾快煮粥
提前一晚浸泡，煮起来很方便。#早餐•2020年2月22日#,补血补肾快煮粥
#晚餐•2016年6月16日#,补血补肾快煮粥
不错哦 就是没有买到很厚不用切的,芝士厚蛋烧三明治
"最近每天的早餐！老公很爱吃！
嫩滑的鸡蛋+香浓的芝士片+烤过的面包是灵魂所在！",芝士厚蛋烧三明治
味道特别👍,芝士厚蛋烧三明治
,芝士厚蛋烧三明治
分享图片,芝士厚蛋烧三明治
一个下去特饱啊,芝士厚蛋烧三明治
分享图片,芝士厚蛋烧三明治
#早餐•2021年3月12日#这个是真不错呀 很美味,芝士厚蛋烧三明治
厚蛋烧培根三明治新口味，不过没有盒子又做成了平时的样子，挺好吃的,芝士厚蛋烧三明治
补发早餐。#早餐•2022年4月14日# #生活随记#,芝士厚蛋烧三明治
订单🌞🌞,芝士厚蛋烧三明治
照步骤做，完美！孩子爱吃。下厨房这个平台培养出大厨！,芝士厚蛋烧三明治
分享图片,芝士厚蛋烧三明治
没有生菜和培根就这样吧 挤的黄芥末酱。很不错,芝士厚蛋烧三明治
好吃，做起来也挺麻烦的，可能是我做的多🤣,芝士厚蛋烧三明治
最近一直在磕吐司，又有吐司可以用来做这款三明治了，吃完一整个饱腹一早上哈。,芝士厚蛋烧三明治
分享图片,芝士厚蛋烧三明治
分享图片,芝士厚蛋烧三明治
分享图片,超级好吃的黄金三明治🥪
昨晚烤的吐司🍞今天变个身🥳😊🤗,超级好吃的黄金三明治🥪
涂了蛋液，烤得更容易焦脆。可能不涂比较适合自己，外面买的是软的。自己买的火腿好咸。主要是沙拉酱跟碎芝士拯救了这个三明治。多撒芝士，不要露出来，露出来的地方就焦。,超级好吃的黄金三明治🥪
,超级好吃的黄金三明治🥪
早饭😋,超级好吃的黄金三明治🥪
#早餐•2021年1月10日# 没有芝士碎，把芝士片剪成了小块，没烤箱用的空气炸锅😁,超级好吃的黄金三明治🥪
#早餐•2020年8月23日#,超级好吃的黄金三明治🥪
"#早餐•2020年7月2日#
早起给爹妈做早餐",超级好吃的黄金三明治🥪
好的三明治,超级好吃的黄金三明治🥪
孩子的早餐，火腿没有了，鸡蛋替代。孩子说很好吃呢。美好的一天从早餐开始#早餐•2020年3月17日#,超级好吃的黄金三明治🥪
#早餐•2020年3月10日#  #和妈妈一起吃早餐#,超级好吃的黄金三明治🥪
分享图片,超级好吃的黄金三明治🥪
虽然换了里面得内容，但是丝毫不影响它美丽诱惑的外观，太好吃了，谢谢作者分享,超级好吃的黄金三明治🥪
#晚餐•2020年12月12日#,营养补血的鲫鱼汤
正👍🏻,营养补血的鲫鱼汤
分享图片,营养补血的鲫鱼汤
#早餐•2022年5月17日#封控第64天,快手早餐三明治🥪
#早餐•2022年4月30日#,快手早餐三明治🥪
"两片面包做的，就很好吃啊😁😁
#早餐•2022年4月18日#",快手早餐三明治🥪
#早餐•2022年4月13日# 好吃啊,快手早餐三明治🥪
#早餐•2022年3月15日# 夹了卤牛肉，夹了蛋黄酱，西式肉夹馍🥙,快手早餐三明治🥪
就一顿乱放emmmmm 没有生菜 倒是有点薄荷…#午餐•2022年1月3日#,快手早餐三明治🥪
#早餐•2021年12月19日#,快手早餐三明治🥪
#早餐•2021年9月4日#,快手早餐三明治🥪
#早餐•2021年8月25日#,快手早餐三明治🥪
#早餐•2021年7月24日#,快手早餐三明治🥪
#早餐•2021年7月3日#,快手早餐三明治🥪
鸡胸肉三明治，外加半杯自制脱脂酸奶，#早餐•2021年5月18日# 快手减脂早餐～,快手早餐三明治🥪
分享图片,快手早餐三明治🥪
挺好的,快手早餐三明治🥪
分享图片,快手早餐三明治🥪
没用火腿，用肉松沙拉酱和咸蛋黄调了夹心，味道赞赞哒,超级好吃的黄金三明治🥪
早餐改良版,超级好吃的黄金三明治🥪
200度烤十分钟,超级好吃的黄金三明治🥪
,超级好吃的黄金三明治🥪
,超级好吃的黄金三明治🥪
"分享一个另类的
鹅蛋版，
万能的黄瓜🥒配什么都好吃😋",快手早餐三明治🥪
分享图片,快手早餐三明治🥪
"要了狗命了，保鲜膜不好切断呐(ง ˙o˙)ว
煎锅也不给力，马上就换掉它。宜家最重的煎锅，洗碗机洗不干净，还巨粘锅，坏家伙！",快手早餐三明治🥪
分享图片,夏天多喝这道汤，不但清热还补血抗衰老
分享图片,夏天多喝这道汤，不但清热还补血抗衰老
好好吃饭,夏天多喝这道汤，不但清热还补血抗衰老
分享图片,夏天多喝这道汤，不但清热还补血抗衰老
超级好吃的关晓彤版蔬菜三明治#早餐•2020年6月12日#,月瘦10斤关晓彤三明治
分享图片,月瘦10斤关晓彤三明治
加的蛋黄酱啦~真的好健康这个吃法~下次放水煮蛋~,月瘦10斤关晓彤三明治
#晚餐•2020年6月7日#,月瘦10斤关晓彤三明治
换成了奥尔良鸡腿#晚餐•2020年5月31日#,月瘦10斤关晓彤三明治
#早餐•2020年5月26日#,月瘦10斤关晓彤三明治
好次,月瘦10斤关晓彤三明治
分享图片,月瘦10斤关晓彤三明治
#晚餐•2021年3月17日# 好吃的要死,月瘦10斤关晓彤三明治
分享图片,月瘦10斤关晓彤三明治
分享图片,月瘦10斤关晓彤三明治
这个比普通三文治好吃一百倍🥪减肥吃最好👍,月瘦10斤关晓彤三明治
8.3午餐,月瘦10斤关晓彤三明治
分享图片,月瘦10斤关晓彤三明治
感谢作者分享，特意买了同款蛋黄酱，做了三明治很好吃。,日本711同款鸡蛋三明治，好吃好吃
分享图片,日本711同款鸡蛋三明治，好吃好吃
加了火腿肠的也好吃,日本711同款鸡蛋三明治，好吃好吃
做出来和外面买的三明治里的鸡蛋酱味道很像 不错,日本711同款鸡蛋三明治，好吃好吃
可以哦,日本711同款鸡蛋三明治，好吃好吃
分享图片,日本711同款鸡蛋三明治，好吃好吃
省力地只放了鸡蛋，蛋黄酱和黑胡椒。还成，可以更好吃,日本711同款鸡蛋三明治，好吃好吃
#早餐•2021年5月6日# 消灭沙拉酱的方法之一,日本711同款鸡蛋三明治，好吃好吃
"#晚餐•2021年4月25日# 
好吃，就是吐司买的有点小，哈哈哈",日本711同款鸡蛋三明治，好吃好吃
"#早餐•2021年3月13日#

用希腊酸奶替代一部分沙拉酱，热量降低增加风味",日本711同款鸡蛋三明治，好吃好吃
,日本711同款鸡蛋三明治，好吃好吃
味道不错，就是因为是手撕包太软了，不好切😂,日本711同款鸡蛋三明治，好吃好吃
分享图片,日本711同款鸡蛋三明治，好吃好吃
我只能说，真的很好吃，浓郁醇厚的香味，感谢作者的方子嘻嘻！,日本711同款鸡蛋三明治，好吃好吃
so so,日本711同款鸡蛋三明治，好吃好吃
配料齐全，健康早餐！  # #早餐•2021年8月18日#,经期必吃补血粥《黑米粥》
材料简单又好吃。谢谢楼主的分享。,经期必吃补血粥《黑米粥》
经期作业,经期必吃补血粥《黑米粥》
水略多了一点点，没有放任何的糖，下次可以试试看放点红糖,经期必吃补血粥《黑米粥》
好吃😋,经期必吃补血粥《黑米粥》
分享图片,经期必吃补血粥《黑米粥》
第一次做的时候是晚上 做完放冰箱 打算第二天当早饭吃 没想到第二天一拿出来 我去 流了一地的水 生菜完全焉了 艾玛😩所以第二次学乖了 晚饭时间饿着肚子包了一个 马上吃掉 真的好吃 比面包🍞夹三明治好吃,月瘦10斤关晓彤三明治
分享图片,月瘦10斤关晓彤三明治
感觉不方便吃啊，咬一口到处漏…,月瘦10斤关晓彤三明治
太难包了，总是散，上面吃着，下面还滴汁水，我太难了,月瘦10斤关晓彤三明治
#Brunch# 家里只有香甜味儿的沙拉酱了 放了一点点 还可以#三明治🥪！#,日本711同款鸡蛋三明治，好吃好吃
分享图片,日本711同款鸡蛋三明治，好吃好吃
#元气早餐# 鸡蛋三明治,日本711同款鸡蛋三明治，好吃好吃
用紫砂锅高温煮三四个小时  在低温煲一晚上  不用泡豆子 早上起床直接吃 好好次=￣ω￣=#早餐•2015年2月3日#,补血补肾快煮粥
,补血补肾快煮粥
"第1⃣️1⃣️3⃣️份早餐🥣分享

我们还年轻，
长长的人生可以受一点风浪。​​​​
——三毛《稻草人手记》#早餐早餐#",补血补肾快煮粥
好吃你就多吃点！ #早餐•2015年2月9日#,补血补肾快煮粥
想要减肥 控制不住啊 早饭喝个暖胃粥 美美哒 #早餐•2015年1月24日#,补血补肾快煮粥
黑米，黑豆，红豆，薏米，莲子，百合，芸豆，少量冰糖。大杂烩～ #早餐•2015年2月8日#,补血补肾快煮粥
,补血补肾快煮粥
美味，不加糖也好吃，早餐首选！,补血补肾快煮粥
"想起阿爸在我小时候
每年过年必做的美食
湖南邵阳噶蛋饺子
打汤喝
比如~粉丝蛋饺子汤
现在冬天了，白萝卜丝蛋饺子汤
是一道美味呢#午餐•2021年11月14日#",补血补肾快煮粥
又放了些枸杞，还有黑芝麻，在特殊的日子，喝这个粥，特别好！,补血补肾快煮粥
,补血补肾快煮粥
分享图片,补血补肾快煮粥
,补血补肾快煮粥
好喝…,补血补肾快煮粥
没买到芸豆，只放了红皮花生➕三黑。嘿嘿，每天喝，超级补肾✌🏻,补血补肾快煮粥
#早餐•2020年6月19日#  #下午茶#,补血补肾快煮粥
#早餐•2019年8月2日##早餐打卡##破壁机#黑豆、黑米、红皮花生、核桃仁各20克，黑芝麻、红豆、小米各10克，水1100ml，破壁机打成浆。成品比较稀，有清淡的米香，味道不错～,补血补肾快煮粥
#早餐•2018年1月22日#,经典古方：补血四红粥
除了常规的黑米、花生、红糖外，自己改编了版本，用的赤小豆，据说比红豆还有营养，另外添加了两颗桂圆、一小袋黑加仑、一小根山药，应该再加点枸杞，忘了😄 #晚餐•2016年11月27日#,经典古方：补血四红粥
"#晚餐•2016年12月3日#【四红粥】两倍的量，放了糯米，泡一天，隔水炖了3个小时，糯糯的有粥的感觉😏更好吃
先给孩子盛一小碗做宵夜，其余的放在隔水炖锅里，明天当早餐，明天可以多睡一会啦😄

刚才给孩子买药，药店门外台阶上摔了今冬第一个跟...",经典古方：补血四红粥
"#晚餐•2015年12月22日#比补血四红粥还多了一红，老家带回来的醪糟，鲜红的，点缀在里面，又提味，又好看
还加了小元宵，又成了“赤豆酒酿小元宵”的升级版
小元宵，汤圆，这是在硬往节令食品上凑啊",经典古方：补血四红粥
,经典古方：补血四红粥
#早餐•2018年12月24日#,经典古方：补血四红粥
粥来粥往,经典古方：补血四红粥
补补补…各种补气血的 #晚餐•2016年1月11日#,经典古方：补血四红粥
早安～☀️四红汤了解一下 #早餐•2018年7月17日#,经典古方：补血四红粥
"#早餐•2017年12月30日##What should I eat for breakfast today?##愿以此奉献给神。#
清冷晨  雾大地",经典古方：补血四红粥
把我有的都放了，很好吃！ #晚餐•2016年9月8日#,经典古方：补血四红粥
#午餐•2016年7月15日#,经典古方：补血四红粥
"#早餐•2021年10月27日# 
黑米60g   花生60g   赤小豆50g 
薏米10g，大枣一把，黑芝麻随意",经典古方：补血四红粥
红糖用炼奶代替😻😻 #午餐•2016年1月14日#,经典古方：补血四红粥
红豆好难煮，煮了快俩小时了，好吃^_^ #晚餐•2015年12月27日#,经典古方：补血四红粥
#晚餐•2017年8月30日#下班回来，喝上一碗补血粥又满血复活了,经典古方：补血四红粥
一个放了肉松火腿鸡蛋，一个只有火腿。味道很不错。#早餐•2020年5月30日#,儿子最爱吃的三明治
#早餐•2020年5月24日# 第一次做，味道很好，吐司也是自己昨天做的,儿子最爱吃的三明治
煎蛋替换成火腿片，其余差不多。,儿子最爱吃的三明治
赞👍,儿子最爱吃的三明治
#午餐•2020年5月19日#,儿子最爱吃的三明治
做的不如预想的好(✪▽✪),儿子最爱吃的三明治
儿子说的，食物代表了你的心情，不错吧🥳,儿子最爱吃的三明治
纯甜的，夹了自己熬的草莓酱,儿子最爱吃的三明治
#晚餐•2021年3月13日#,儿子最爱吃的三明治
分享图片,儿子最爱吃的三明治
今天是小朋友自己动手做的，棒棒哒,儿子最爱吃的三明治
,儿子最爱吃的三明治
好吃，超级好吃,儿子最爱吃的三明治
分享图片,儿子最爱吃的三明治
分享图片,儿子最爱吃的三明治
分享图片,儿子最爱吃的三明治
很不错哦！谢谢楼主的分享,儿子最爱吃的三明治
分享图片,快手早餐三明治
#早餐•2020年5月27日#,快手早餐三明治
分享图片,快手早餐三明治
新的一天开始啦#早餐•2020年5月14日#,快手早餐三明治
#早餐•2020年5月6日#,快手早餐三明治
分享图片,快手早餐三明治
我喜欢番茄酱 用的番茄酱  蛋不喜欢太生 直接煎成蛋皮,快手早餐三明治
分享图片,快手早餐三明治
#早餐•2020年4月3日#,快手早餐三明治
东西是这样加的 同样难吃的还有三个  最后都是软软的 不知道为毛,快手早餐三明治
#早餐•2020年3月19日# 看来下次要包保鲜膜了，哈哈。,快手早餐三明治
#早餐•2020年3月13日#,快手早餐三明治
分享图片,快手早餐三明治
好吃,快手早餐三明治
健康早餐,快手早餐三明治
没切直接吃,快手早餐三明治
,快手早餐三明治
第一次做，还不错哦，很好吃,快手早餐三明治
煮了好几次吃，味道很好，这次换了红枣，因为没核桃😁,补血补肾快煮粥
還可以 #早餐•2016年12月21日#,经典古方：补血四红粥
🌞 早安 #早餐•2018年7月30日#,经典古方：补血四红粥
#早餐•2020年8月19日#,儿子最爱吃的三明治
完美，超级好吃😋！！#午餐•2022年6月7日#,㊙️补铁补血好帮手-爆炒土匪猪肝
"#晚餐•2022年5月8日#
每天都要好好吃饭哦
猪肝，芹菜，大蒜，香菜，姜丝……",㊙️补铁补血好帮手-爆炒土匪猪肝
#晚餐•2022年4月30日#,㊙️补铁补血好帮手-爆炒土匪猪肝
#午餐•2022年8月3日#,㊙️补铁补血好帮手-爆炒土匪猪肝
今日份·午餐-土匪猪肝➕青椒肉丝➕小银鱼煎蛋,㊙️补铁补血好帮手-爆炒土匪猪肝
觉得猪肝黏哒哒的不是特别好吃，果然我不太喜欢放淀粉的猪肝哈哈,㊙️补铁补血好帮手-爆炒土匪猪肝
hhhh,随意任性发挥的早餐三明治
早～,随意任性发挥的早餐三明治
,随意任性发挥的早餐三明治
三明治配火龙果香蕉奶昔，满足，用的自己做的北海道土司，赞👍,随意任性发挥的早餐三明治
第一次做！,随意任性发挥的早餐三明治
"就是自己剪不好太阳蛋 
然后黄油偷懒没用烤箱 结果不小心放多了 有点油",随意任性发挥的早餐三明治
"#早餐•2019年4月23日#
前一天准备好了食材 工作日早起做了快手早餐 减脂美味还饱腹 我觉得👌",随意任性发挥的早餐三明治
#早餐•2022年3月4日# 厨房小白第一次做三明治 完全成功！,随意任性发挥的早餐三明治
#早餐•2021年2月19日#,随意任性发挥的早餐三明治
#早餐•2020年11月29日# #杨小杨的营养餐# 最爱三明治，半个就饱啦！,随意任性发挥的早餐三明治
#早餐•2020年11月23日# 自己做的牛肉饼，味道很好,随意任性发挥的早餐三明治
,随意任性发挥的早餐三明治
#早餐•2020年6月7日#  #一人食#,随意任性发挥的早餐三明治
超满足的！,随意任性发挥的早餐三明治
早餐一个三明治！一杯纯奶搞定,随意任性发挥的早餐三明治
鸡蛋蟹棒鸡胸肉芝士片生菜，啊～～～元气满满的早餐啊#早餐•2020年4月2日#,随意任性发挥的早餐三明治
分享图片,芝士厚蛋烧三明治
没有厚吐司自己做的凑合吧。黄油煎过撒一层赤藓糖醇，四片煎火腿，蜂蜜芥末酱，牛奶滑蛋，芝士片也没有，撒上马苏里拉代替，味道绝了！配一大杯拿铁，午饭都省了，哈哈哈哈哈哈哈,芝士厚蛋烧三明治
分享图片,芝士厚蛋烧三明治
除了在煎蛋那一步按照个人口味换了方法外 其余几乎按照配方来~很不错 不过黄油的烟点很低 巨容易焦 所以换成了普通植物油煎 黄油在接近煎好的时候融化入味更好#中华大宅家#,芝士厚蛋烧三明治
拙劣的装备，不拙劣的美味,芝士厚蛋烧三明治
分享图片,芝士厚蛋烧三明治
分享图片,芝士厚蛋烧三明治
都是肉,芝士厚蛋烧三明治
分享图片,芝士厚蛋烧三明治
简单好操作，味精也不错,芝士厚蛋烧三明治
好好吃耶,芝士厚蛋烧三明治
第一次尝试 过程不太和谐 但是味道不错哈哈哈哈,芝士厚蛋烧三明治
好吃买不到那种吐司，只能用这种的代替了，就是没切好。,芝士厚蛋烧三明治
"现实版网红eggbomb
我的面包有点太薄了，是单片的，没办法立起来吃，立起来鸡蛋就会掉下去…
但味道超级好，不过卡路里应该是很爆表",芝士厚蛋烧三明治
分享图片,随意任性发挥的早餐三明治
香蕉薯泥三明治~#早餐•2019年11月6日#,随意任性发挥的早餐三明治
很好吃哦,芝士厚蛋烧三明治
早餐，厚蛋烧三明治加牛奶，营养丰富,芝士厚蛋烧三明治
分享图片,芝士厚蛋烧三明治
还不错 还不错,芝士厚蛋烧三明治
分享图片,快手早餐三明治🥪
#早餐•2021年3月4日#   by bigCC.是那种想要称为“国王”“至尊”的吐司早餐。,快手早餐三明治🥪
"#晚餐•2021年3月1日# 
🥪 =🍞+ 🍅+ 🥦+  🍳 +🥓 +🧀",快手早餐三明治🥪
不错呦,快手早餐三明治🥪
,快手早餐三明治🥪
#早餐•2022年6月5日#,快手早餐三明治🥪
#早餐•2022年4月19日#,快手早餐三明治🥪
#早餐•2022年4月15日#,快手早餐三明治🥪
三明治，快乐的时光，开启新的一天，新的起点#早餐•2022年4月2日#,快手早餐三明治🥪
"#早餐•2022年3月17日# 
太好吃啦(≧▽≦)",快手早餐三明治🥪
#早餐•2022年3月13日#,快手早餐三明治🥪
卖相好，味道也超级棒！#早餐•2022年3月8日#,快手早餐三明治🥪
#早餐•2021年12月29日#,快手早餐三明治🥪
#早餐•2021年9月4日#,快手早餐三明治🥪
#早餐•2021年8月25日#,快手早餐三明治🥪
#早餐•2021年7月25日# 第一次做的三明治给孩子吃💪💪💪,快手早餐三明治🥪
😋,超级好吃的黄金三明治🥪
分享图片,超级好吃的黄金三明治🥪
完美,超级好吃的黄金三明治🥪
很棒很赞的方法#早餐•2020年6月10日#,超级好吃的黄金三明治🥪
最高温只有230℃，所以烤了12分钟，感觉有点焦，下次就10分钟试试。简单好上手，小白也能操作！,超级好吃的黄金三明治🥪
非常时期，不敢出门，就着手边的食材跟娃们一起造起来，吃完了结果就是“麻麻，吃撑了，出去散步吧，甭管哪儿溜达一圈就好，求你了”😅,超级好吃的黄金三明治🥪
我尽力了,超级好吃的黄金三明治🥪
不错，,超级好吃的黄金三明治🥪
好七,超级好吃的黄金三明治🥪
,超级好吃的黄金三明治🥪
好吃,超级好吃的黄金三明治🥪
"#早餐•2022年1月18日# 好吃到爆炸！！！两个孩子每人吃了半个，老公吃了一整个。能得到老公的“很好吃”的评价，相当有成就感啊！我自己没舍得吃。
4片吐司，分别放了沙拉酱，肉松，午餐肉，芝士片，沙拉酱，最后一层上面涂了蛋黄液，四周也刷了...",超级好吃的黄金三明治🥪
非常好吃的三明治#午餐•2021年5月6日#,超级好吃的黄金三明治🥪
#早餐•2021年3月22日#,超级好吃的黄金三明治🥪
分享图片,超级好吃的黄金三明治🥪
分享图片,快手早餐三明治🥪
三明治机get,快手早餐三明治🥪
上220下200,超级好吃的黄金三明治🥪
分享图片,超级好吃的黄金三明治🥪
没看着，表面有点焦，220度10min，好吃，5层，中间一层蛋，但小朋友希望不要加蛋😝,超级好吃的黄金三明治🥪
分享图片,月瘦10斤关晓彤三明治
味道不错,月瘦10斤关晓彤三明治
经历了三次，终于包成功…但是吃到最后很狼狈…总结了下…就是女明星包的内料少，而我这个底层的社会娃贪心又贪吃，层数太多…生怕自己吃不饱…🤣🤣🤣🤦🏻‍♀️,月瘦10斤关晓彤三明治
分享图片,月瘦10斤关晓彤三明治
好，又是不用烧饭的一天,月瘦10斤关晓彤三明治
#午餐•2021年5月16日#,月瘦10斤关晓彤三明治
分享图片,月瘦10斤关晓彤三明治
请问#午餐•2021年4月10日# 生菜需要煮一下吗？煮了的生菜水很多。我用厨房纸吸干了水的！,月瘦10斤关晓彤三明治
不错不错,月瘦10斤关晓彤三明治
分享图片,月瘦10斤关晓彤三明治
分享图片,月瘦10斤关晓彤三明治
分享图片,月瘦10斤关晓彤三明治
#午餐•2020年8月23日#,月瘦10斤关晓彤三明治
#午餐•2020年8月23日#,月瘦10斤关晓彤三明治
我也是一口菜一口肉用筷子吃的,月瘦10斤关晓彤三明治
#午餐•2020年8月10日#,月瘦10斤关晓彤三明治
分享图片,日本711同款鸡蛋三明治，好吃好吃
好吃而且容易,日本711同款鸡蛋三明治，好吃好吃
双层三明治(其实是最后剩的蛋黄酱有点多），吃墩住！,日本711同款鸡蛋三明治，好吃好吃
#早餐·2021年1月15日#,日本711同款鸡蛋三明治，好吃好吃
➕了点土豆泥  和玉米粒 也不错,日本711同款鸡蛋三明治，好吃好吃
沙拉酱不能放太多，感觉稀了一点，不过很有饱腹感。,日本711同款鸡蛋三明治，好吃好吃
好吃,日本711同款鸡蛋三明治，好吃好吃
没有蛋黄酱，蛋黄懒得磨细，只用了沙拉，加了青瓜，面包是昨天面包机做的，吃得有点淡，整体不错。不适合懒人😄,日本711同款鸡蛋三明治，好吃好吃
简单到零智商，却意外获得好评，加了海苔碎，很好吃！,日本711同款鸡蛋三明治，好吃好吃
特好吃-美美哒,日本711同款鸡蛋三明治，好吃好吃
哈哈哈给蛋黄过筛真的好爽，我还是买把专门的锯齿刀切比较好，味道海星,日本711同款鸡蛋三明治，好吃好吃
分享图片,日本711同款鸡蛋三明治，好吃好吃
用自制吐司做的，还不错，就是有些腻😖,日本711同款鸡蛋三明治，好吃好吃
终于有人懂我 当年我吃日本711的鸡蛋三明治 好喜欢 鸡蛋又嫩又香软。好吃着呢,日本711同款鸡蛋三明治，好吃好吃
不错，味道,日本711同款鸡蛋三明治，好吃好吃
好吃,日本711同款鸡蛋三明治，好吃好吃
加了焯熟的西兰花碎。好吃😊,日本711同款鸡蛋三明治，好吃好吃
#早餐•2022年3月12日#,冬日热饮❗️皮肤暗黄女孩真的要多多喝这个～
#午餐•2022年3月10日#,冬日热饮❗️皮肤暗黄女孩真的要多多喝这个～
意外的好喝耶，有炼奶的味道。按照食谱的量做的，不用加蜜红豆也可以，小美说可以加些银耳等料料，我觉得红枣枸杞配奶也不会单调。,冬日热饮❗️皮肤暗黄女孩真的要多多喝这个～
#午餐•2022年4月13日#,冬日热饮❗️皮肤暗黄女孩真的要多多喝这个～
甜度过了，不爱吃糖的可以不放红糖，红枣跟枸杞也可以少一点。,冬日热饮❗️皮肤暗黄女孩真的要多多喝这个～
稍微改变了点做法，煮熟的红豆和其他材料混合一起放入蒸箱蒸熟,冬日热饮❗️皮肤暗黄女孩真的要多多喝这个～
不错 很好喝 博主弄的是蜜红豆 我用的普通的红豆 水跑了十几个小时 就煮5分钟还是比较硬的 下次多煮一会儿,冬日热饮❗️皮肤暗黄女孩真的要多多喝这个～
分享视频,冬日热饮❗️皮肤暗黄女孩真的要多多喝这个～
分享图片,冬日热饮❗️皮肤暗黄女孩真的要多多喝这个～
喜欢吃软糯一点的，这个豆子和枣有点硬，下次煮久一点,冬日热饮❗️皮肤暗黄女孩真的要多多喝这个～
分享图片,冬日热饮❗️皮肤暗黄女孩真的要多多喝这个～
"不能倒牛奶一起烧，会凝固😖
家里没有蜜红豆，放了点葡萄干一起煮也很好吃。",冬日热饮❗️皮肤暗黄女孩真的要多多喝这个～
真不错哟 没放红豆 看到直接做了哈哈 这个没在收藏夹吃灰,冬日热饮❗️皮肤暗黄女孩真的要多多喝这个～
分享图片,冬日热饮❗️皮肤暗黄女孩真的要多多喝这个～
没有红豆，也挺好喝的~,冬日热饮❗️皮肤暗黄女孩真的要多多喝这个～
灵魂肉松必不可少！#减肥# #一人食#,月瘦10斤关晓彤三明治
分享图片,月瘦10斤关晓彤三明治
好吃，但是需要耐心。,日本711同款鸡蛋三明治，好吃好吃
#晚餐•2018年5月6日#一碗黑乎乎的女人甜汤作晚餐～,经典古方：补血四红粥
一定要多多加红糖才对٩(˃̶͈̀௰˂̶͈́)و #午餐•2016年5月29日##在家闲着要学会做饭呐(ง •̀ω•́)ง✧#,经典古方：补血四红粥
加了薏米和一只鸡蛋 #早餐•2016年12月29日#,经典古方：补血四红粥
#早餐•2019年1月2日#肉松花卷、鸡蛋、红薯、补血四红粥、水果,经典古方：补血四红粥
#早餐•2016年7月18日#米不好熟，下次会更好。。。。,经典古方：补血四红粥
#午餐•2018年1月20日#,经典古方：补血四红粥
#早餐•2016年4月28日#还不错，做了几次了,经典古方：补血四红粥
#早餐•2017年3月13日#又做了一次，感觉在进步～,经典古方：补血四红粥
味道还不错，希望有补血效果！,经典古方：补血四红粥
完美,经典古方：补血四红粥
,经典古方：补血四红粥
#晚餐•2017年1月12日#,经典古方：补血四红粥
"还可以，对自己好点
 #晚餐•2016年4月30日#",经典古方：补血四红粥
高配版～十全大补粥😆红豆、黑豆、紫米、糯米、糙米、大棒渣、芡实、莲子、百合、红枣、桂圆、山药，时不时得来一顿这个粥，太爱了😘 #早餐•2018年1月23日#,经典古方：补血四红粥
红红仍是你 #早餐•2017年12月7日#,经典古方：补血四红粥
#早餐•2016年9月18日#加了绿豆，红枣，好吃,补血补肾快煮粥
加了红枣，没放花生，味道好极了！ #早餐•2015年1月21日#,补血补肾快煮粥
水煮肉片变水煮海鲜#晚餐•2021年11月30日#,补血补肾快煮粥
#午餐•2020年5月17日#,补血补肾快煮粥
分享图片,补血补肾快煮粥
👍,补血补肾快煮粥
为什么我的粥 不亮？,补血补肾快煮粥
很好喝，不错,补血补肾快煮粥
#晚餐•2015年12月7日#,补血补肾快煮粥
早晨第一次学做，挺成功，没想到我的处女下厨还行:-D谢谢大家,补血补肾快煮粥
蒸肉饼，肉末剁碎，放入生抽耗油，盐调味，最后放一点花生油，面上铺上虫草花，放入锅中蒸20分钟左右搞定，简单吧？,补血补肾快煮粥
,补血补肾快煮粥
#早餐•2022年7月30日#,五红美人豆浆（养颜补血）
分享图片,五红美人豆浆（养颜补血）
"五红糊
这个五红汤就饮得多，五红糊第一次做，口感真的不错，除了教程配料，我加了一瓶纯牛奶进去，感谢出教程的朋友",五红美人豆浆（养颜补血）
分享图片,快手早餐三明治
奶酪，番茄，生菜叶，鸡蛋，火腿片,快手早餐三明治
#早餐•2020年7月1日#,快手早餐三明治
分享图片,快手早餐三明治
不错不错。#晚餐•2020年4月12日#,快手早餐三明治
,快手早餐三明治
喜欢做各种三明治,快手早餐三明治
分享图片,快手早餐三明治
自己烤的吐司没吃完就做了三明治，味道不错👍,快手早餐三明治
外边的土司刷了蛋液，会更好看#早餐•2020年3月26日#,快手早餐三明治
#早餐•2020年3月26日#,快手早餐三明治
分享图片,快手早餐三明治
分享图片,快手早餐三明治
很方便 小朋友还挺喜欢吃#午餐•2020年3月20日#,快手早餐三明治
随便搞搞的三文治 喜欢流心蛋 #一人食#,快手早餐三明治
外面裹了保鲜膜 更方便携带 吃的时候不会弄脏手 加了生菜 沙拉酱 煎蛋 煎香肠 好吃快手#早餐•2020年3月13日#,快手早餐三明治
"儿子好喜欢吃
做了鸡肉，牛肉，火腿几种口味的",儿子最爱吃的三明治
好吃😋,儿子最爱吃的三明治
做了吐司，正好来做三明治，单独拿一片撒上芝士，沙拉酱和番茄沙司，空气炸锅180度8-10分钟，然后层层叠，不太会压三明治🥪，有点散，味道还是不错的，孩子很爱吃，样子也像外面卖的，哈哈真开心,儿子最爱吃的三明治
很赞，超大的三明治！柏翠面包机的法式面包模式也很给力,儿子最爱吃的三明治
"#早餐•2020年4月23日#
凑合凑合 来杯牛奶🥛",儿子最爱吃的三明治
感觉面包烤得太干了，怎么没有外面买的好吃😊,儿子最爱吃的三明治
"40个娃的派对，10包（7片一包）足够了。

一，吐司铺平，用刷子粘牛奶蛋液，统一刷一遍
二，刷好的吐司，统一翻面。
        统一涂抹沙拉酱
三，加一片火腿，
        盖上第二层吐司
四，盖第二层吐司，涂抹沙拉  酱。
  ...",儿子最爱吃的三明治
今天的早餐，儿子赞不绝口。好方子，谢谢分享。,儿子最爱吃的三明治
谢谢分享！我的品相丑了 ！,儿子最爱吃的三明治
分享图片,儿子最爱吃的三明治
"第一次做，深得好评。谢谢您的菜谱。
喜欢吃什么就夹什么。",儿子最爱吃的三明治
感谢分享做法！,儿子最爱吃的三明治
分享图片,儿子最爱吃的三明治
火候有点大了，下次会好的，一定的,儿子最爱吃的三明治
简单方便好吃,儿子最爱吃的三明治
夹了鸡蛋肉松，美味又营养，孩子很喜欢,儿子最爱吃的三明治
分享图片,儿子最爱吃的三明治
奶思🥣🥣,经典古方：补血四红粥
#晚餐•2018年7月21日#,经典古方：补血四红粥
超好，补血，美味 #晚餐•2017年11月18日#,经典古方：补血四红粥
补起来吧～#早餐•2019年8月26日#,补血补肾快煮粥
,补血补肾快煮粥
分享图片,补血补肾快煮粥
挺好喝的，就是黑芝麻感觉煲那么久都没烂,补血补肾快煮粥
#早餐•2015年12月16日#,补血补肾快煮粥
#晚餐•2015年1月25日#,补血补肾快煮粥
味道不错呦！,儿子最爱吃的三明治
#早餐•2019年10月27日#紫甘蓝午餐肉三明治,随意任性发挥的早餐三明治
包油纸太难了,随意任性发挥的早餐三明治
,随意任性发挥的早餐三明治
,随意任性发挥的早餐三明治
"#早餐•2019年7月15日#
三文治🥪当然要抓着吃才有满足感",随意任性发挥的早餐三明治
给加班到清晨的自己补补😭（对不起背面煎糊了哈哈哈#早餐•2019年7月9日#,随意任性发挥的早餐三明治
吃出了麦当劳的味道,随意任性发挥的早餐三明治
"#早餐•2022年6月17日#
初夏的好心情从早餐开始。",随意任性发挥的早餐三明治
#早餐•2022年4月20日#,随意任性发挥的早餐三明治
"#早餐•2021年8月7日# 

🥪里面是火腿片＋彩椒＋杏鲍菇，配VEpiaopiao的黑椒酱。

如果有时间加个煎蛋更完美hhh

彩椒和杏鲍菇提供口感和鲜味，超级棒",随意任性发挥的早餐三明治
今天是六一儿童节，#早餐•2021年6月1日# 一早起来给家里小朋友准备爱的早餐，谢谢群主分享,随意任性发挥的早餐三明治
#早餐•2021年3月28日# 有什么放什么,随意任性发挥的早餐三明治
分享图片,随意任性发挥的早餐三明治
早安呀！～,随意任性发挥的早餐三明治
好油，好腻,芝士厚蛋烧三明治
小朋友特别喜欢😍夸上天了,芝士厚蛋烧三明治
美味,芝士厚蛋烧三明治
超完美~小朋友很喜欢,芝士厚蛋烧三明治
鸡蛋跟培根都得小火慢慢的煎,芝士厚蛋烧三明治
分享图片,芝士厚蛋烧三明治
分享图片,芝士厚蛋烧三明治
鸡蛋做砸了🙄,芝士厚蛋烧三明治
,随意任性发挥的早餐三明治
#早餐•2020年5月29日#,随意任性发挥的早餐三明治
全麦鸡排➕黑麦蟹柳😋都很好👍感谢分享#早餐•2020年5月19日#,随意任性发挥的早餐三明治
#早餐•2020年4月28日# 减肥餐，鸡胸肉加黄瓜,随意任性发挥的早餐三明治
分享图片,超级好吃的黄金三明治🥪
"超好吃的黄金三明治🥪!!!
馅料超级足的浓浓的芝士味!😋#早餐•2020年4月5日#",超级好吃的黄金三明治🥪
#早餐•2020年3月21日#,超级好吃的黄金三明治🥪
"#早餐•2020年3月13日# 
还没拍全照就被秒杀了两个。",超级好吃的黄金三明治🥪
#早餐•2020年3月11日#,超级好吃的黄金三明治🥪
很赞,超级好吃的黄金三明治🥪
第一次做三明治很成功,超级好吃的黄金三明治🥪
完美😄中间夹了青菜，营养又健康😄,超级好吃的黄金三明治🥪
#早餐•2019年9月3日#,超级好吃的黄金三明治🥪
还阔以,超级好吃的黄金三明治🥪
好吃,超级好吃的黄金三明治🥪
#一人食##下午茶#失误..锡纸粘着最后一层面包了..好不容易撕开,超级好吃的黄金三明治🥪
挺好吃的,超级好吃的黄金三明治🥪
#早餐•2021年11月15日#,超级好吃的黄金三明治🥪
#早餐•2021年8月19日#,超级好吃的黄金三明治🥪
上190，下165，12分钟,超级好吃的黄金三明治🥪
很漂亮,快手早餐三明治🥪
味道很赞，跟外面买的一样😋😋,快手早餐三明治🥪
洗洗切切煎煎，合在一起就可以了！,快手早餐三明治🥪
#早餐•2020年12月5日#第一次 三明治还算成功吧！,快手早餐三明治🥪
#早餐•2020年7月24日# 好吃,快手早餐三明治🥪
好像回到了读书的时候，每天早上起来都要吃toast。#早餐•2022年4月4日#,快手早餐三明治🥪
"#午餐•2022年3月21日# 
每天早上的日常……
给老公准备饭兜【早餐 午餐 水果】
给娃用面包🍞夹煎蛋🍳烤牛肉 西兰花🥦 虾肉🦐搭配个水果 坚果🌰 牛奶🥛营养齐全[呲牙]有人会问“为什么这么用心”只因家人值得……",快手早餐三明治🥪
#早餐•2022年3月18日# 滑蛋未加牛奶 没滑好,快手早餐三明治🥪
#午餐•2022年3月9日# 好撑。,快手早餐三明治🥪
#早餐•2021年8月25日#,快手早餐三明治🥪
#早餐•2021年8月22日#,快手早餐三明治🥪
孩子不喜欢生菜，我就用包菜焯水替代，配上自制的珍珠奶茶✌️#早餐•2021年8月10日#,快手早餐三明治🥪
#早餐•2021年7月4日#,快手早餐三明治🥪
分享图片,快手早餐三明治🥪
#早餐•2021年5月17日#,快手早餐三明治🥪
分享图片,快手早餐三明治🥪
用空气炸锅做的,超级好吃的黄金三明治🥪
感谢！非常成功！,超级好吃的黄金三明治🥪
分享图片,快手早餐三明治🥪
分享图片,快手早餐三明治🥪
分享图片,日本711同款鸡蛋三明治，好吃好吃
分享图片,日本711同款鸡蛋三明治，好吃好吃
好吃 吃到一半才想起来拍照哈哈哈哈哈哈 加了点菜叶抵消掉沙拉酱的罪恶感,日本711同款鸡蛋三明治，好吃好吃
分享图片,日本711同款鸡蛋三明治，好吃好吃
分享图片,日本711同款鸡蛋三明治，好吃好吃
额，感觉一般般,日本711同款鸡蛋三明治，好吃好吃
早餐～,日本711同款鸡蛋三明治，好吃好吃
提高了brunch颜值😬,日本711同款鸡蛋三明治，好吃好吃
做了迷你小蛋堡。,日本711同款鸡蛋三明治，好吃好吃
吃撑了,日本711同款鸡蛋三明治，好吃好吃
鸡蛋酱好吃,日本711同款鸡蛋三明治，好吃好吃
nice,日本711同款鸡蛋三明治，好吃好吃
好吃但是很麻烦,日本711同款鸡蛋三明治，好吃好吃
好恰！！！,月瘦10斤关晓彤三明治
分享图片,月瘦10斤关晓彤三明治
还不错,月瘦10斤关晓彤三明治
"#早餐•2020年5月26日#
颜值不是很高 但是蛮好吃",月瘦10斤关晓彤三明治
分享图片,月瘦10斤关晓彤三明治
好吃还不怕胖,月瘦10斤关晓彤三明治
分享图片,月瘦10斤关晓彤三明治
#午餐•2022年4月25日#,月瘦10斤关晓彤三明治
#晚餐•2022年2月15日#,月瘦10斤关晓彤三明治
包上以后就忘记拍了，真好吃,月瘦10斤关晓彤三明治
"第一次体验生菜三明治
很好吃😋",月瘦10斤关晓彤三明治
#午餐•2020年8月10日#,月瘦10斤关晓彤三明治
,月瘦10斤关晓彤三明治
不错,月瘦10斤关晓彤三明治
谁能想到我的酱是油泼辣子呢～,月瘦10斤关晓彤三明治
#晚餐•2020年6月24日#,月瘦10斤关晓彤三明治
肉松和番茄是绝配 超级好吃,月瘦10斤关晓彤三明治
,月瘦10斤关晓彤三明治
#午餐•2017年11月5日##来啊一起养生阿#红粳米，红豆，红衣花生，枸杞，红枣，红糖，二十几岁，养生的不得了😐️,经典古方：补血四红粥
熬出来还是不错的~希望能对贫血有所改善~,经典古方：补血四红粥
#晚餐•2018年9月21日# 用紫砂锅慢炖了一夜，早晨起来喝了一大碗，下午天气热喝凉的也很好吃。主要是孕晚期贫血，所以凡是补血的东西都要吃起来,经典古方：补血四红粥
补血四红粥 #早餐•2018年3月10日#,经典古方：补血四红粥
#早餐•2017年11月20日#没有放花生，不爱吃糖，所以没有放，味道有点淡，就放了点白糖，味道没有冰糖熬的好吃，还是应该放冰糖,经典古方：补血四红粥
调养气血 #早餐•2016年10月21日#,经典古方：补血四红粥
拿养生锅做的，隔夜浸的豆子。黑米、红米、血糯米、薏仁、黑豆、小红豆、红腰豆、花生米、红枣、黑枸杞、红糖、藏红花。 #午餐•2016年7月14日##减脂期#,经典古方：补血四红粥
#午餐•2018年6月19日#饼干袋分装各种豆省了量取的时间´◡`,经典古方：补血四红粥
#晚餐•2017年5月29日##围有一心，才有这一味#,经典古方：补血四红粥
我用的黑米，家里没红糖就用了玫瑰黑糖，味道一样好，补血大计走起！ #早餐•2016年6月20日#,经典古方：补血四红粥
#晚餐•2018年1月16日#,经典古方：补血四红粥
太赞了，黄豆、花生炖猪蹄。,补血养颜清热汤｜红衣花生莲藕排骨汤
分享图片,补血养颜清热汤｜红衣花生莲藕排骨汤
首次尝试，还不错,补血养颜清热汤｜红衣花生莲藕排骨汤
,补血补肾快煮粥
很多东西都没放，但是我加了红枣枸杞,补血补肾快煮粥
刚煮好～没想象中的好。#晚餐•2015年3月8日#,补血补肾快煮粥
好吃到不行！太喜欢了，以后要经常做！,补血补肾快煮粥
,补血补肾快煮粥
豆还是泡一下比较好，个人喜欢豆子软点！,补血补肾快煮粥
少了小米和核桃仁，不然会更好吃！#午餐•2014年12月20日#,补血补肾快煮粥
,补血补肾快煮粥
to myself,补血补肾快煮粥
比较喜欢糯糯的，加了点红枣和紫薯，味道很香甜,补血补肾快煮粥
分享图片,补血补肾快煮粥
还不错，个人比较喜欢大粒的花生，因为时间问题，所有食材都提前放在高压锅内，定好时间第二天早上自己煮的，口感还不错，没有用开水，直接凉水下锅！！,补血补肾快煮粥
一个人的早餐,补血补肾快煮粥
"感谢楼主分享美食！
楼主方子很棒哦！女儿说：嗯嗯，今天😌三明治味道真的很不错！",儿子最爱吃的三明治
分享视频,儿子最爱吃的三明治
"用的沙拉酱，加了火腿肉，因为吐司片比较大，没有浸润彻底，也没有番茄酱。怕太干担心不成功，在最上层加了芝士片，又加了一粒黄油，用的上管200下管170，11分钟。
还好烤完后虽然不好看，没想到味道还不错。
记录一下，下次看能不能再改进。",儿子最爱吃的三明治
交作业，沾蛋液这方法好，不会硬邦邦。谢谢方主的分享。,儿子最爱吃的三明治
分享图片,儿子最爱吃的三明治
太好吃啦,儿子最爱吃的三明治
分享图片,儿子最爱吃的三明治
味道不错，我多加了一层火腿还有炼乳，但吃到最后就有一点腻了。,儿子最爱吃的三明治
小朋友们很喜欢吃,儿子最爱吃的三明治
分享图片,儿子最爱吃的三明治
好吃！,儿子最爱吃的三明治
好方子,儿子最爱吃的三明治
快手早餐，很nice,儿子最爱吃的三明治
味道很不错，简单快手。没用完的鸡蛋液加上焦糖酱做了焦糖布丁，完美！,儿子最爱吃的三明治
#晚餐•2017年12月19日#,经典古方：补血四红粥
好喝，跟买的八宝粥差不多，喜欢喜欢 #养生#,经典古方：补血四红粥
标准的中式早餐，恭送大姨妈哈哈哈，粥被我煮得看不清原材料了😄 #早餐•2017年11月19日#,经典古方：补血四红粥
料好足的，晚上定好时，一早起来就可以喝 #早餐•2017年3月10日#,经典古方：补血四红粥
开张我的小花碗～ #早餐•2016年10月12日#,经典古方：补血四红粥
"味道真的不赖耶✌✌
感觉好补的样子🆒
家里没红糖了，临时用红糖姜茶代替",经典古方：补血四红粥
,经典古方：补血四红粥
自己少放了几样,补血补肾快煮粥
,补血补肾快煮粥
又煲了一煲，加了灰粽干仲好味,补血补肾快煮粥
我放红糖，味道也不错，因贫血会经常煲,补血补肾快煮粥
大米营养粥,补血补肾快煮粥
"动动手，就能做出超好吃的三明治
料超足，吐司，鸡蛋，青瓜，紫甘蓝，西红柿，生菜，沙拉酱，西红柿酱。
#早餐•2020年4月1日# #美食#",随意任性发挥的早餐三明治
#早餐•2020年3月8日#,随意任性发挥的早餐三明治
#早餐•2020年2月22日#,随意任性发挥的早餐三明治
"#一人食# #轻食# #xi's table# 自己吃就是要贪心夹很多很多生菜，我爱三明治胜过汉堡包！
里面是生菜，火腿还有美式炒蛋～
从今天开始记录啦，好好生活～",随意任性发挥的早餐三明治
三明治,随意任性发挥的早餐三明治
永远吃不腻的三明治 爱,随意任性发挥的早餐三明治
还行~,随意任性发挥的早餐三明治
,随意任性发挥的早餐三明治
很香，颜值高，加了火腿和鸡蛋非常可口，土司是自己做的全麦面包，健康又美味，值得推荐！,随意任性发挥的早餐三明治
美好的一天从早餐开始,随意任性发挥的早餐三明治
,随意任性发挥的早餐三明治
"三明治🥪😄
张同学明早早餐🥣#三明治🥪！##早餐•2019年6月16日#",随意任性发挥的早餐三明治
#晚餐•2022年6月18日# 啥都往里加点~,随意任性发挥的早餐三明治
忘了买西红柿🍅，简易版。。,随意任性发挥的早餐三明治
红豆红枣用膳魔师保温杯泡了一晚，早上只要几分钟就可以了,养颜补血的红豆牛奶羹
#午餐•2021年4月9日# 豆子放冰箱泡了好几天才拿出来煮。加了冰糖 最后放的牛奶。奶香味夹杂着红豆的香气，好吃极了。,养颜补血的红豆牛奶羹
#早餐•2021年3月10日#,养颜补血的红豆牛奶羹
我多加了红枣和冰糖，很好吃,养颜补血的红豆牛奶羹
"#午餐•2022年1月23日# 
红豆牛奶，红豆酸奶",养颜补血的红豆牛奶羹
开心开心,养颜补血的红豆牛奶羹
交作业了，减肥期，我用的脱脂牛奶，也没放糖，所以几乎么得甜味。,养颜补血的红豆牛奶羹
#晚餐•2021年12月25日#,养颜补血的红豆牛奶羹
#晚餐•2021年12月15日# 第一次做，太美味了，做法不难而且很健康，这比外面奶茶店卖的好喝多了！而且外面用的原料肯定没自己选的品质好，以后想喝就自己做了！😋,养颜补血的红豆牛奶羹
做了两次 很好喝,养颜补血的红豆牛奶羹
"#早餐•2020年9月7日# 
早 肉放少了 新手不会煎荷包蛋 
笨手笨脚花了45分钟才做好",随意任性发挥的早餐三明治
健康早餐真香,随意任性发挥的早餐三明治
早餐~,随意任性发挥的早餐三明治
"西红柿生菜和沙拉酱夹一起
火腿鸡蛋番茄酱夹一起
还可以搞点紫薯泥鸡胸肉之类的～",随意任性发挥的早餐三明治
感觉阔以就是用纯牛奶的话会有点腥*⸜( •ᴗ• )⸝*,养颜补血的红豆牛奶羹
#晚餐•2021年1月23日#,养颜补血的红豆牛奶羹
分享图片,养颜补血的红豆牛奶羹
#午餐•2021年6月26日#喜欢红豆甜品，也喜欢牛奶，这个味太香甜了，我还加了红枣进去，很好喝，小孩也喜欢喝。,养颜补血的红豆牛奶羹
红豆泡了超久，久到我爸都开始催我再不做味道就变了，牛奶买得是伊利纯牛奶，还特意➕了莲子，味道超级浓郁🤗,养颜补血的红豆牛奶羹
#午餐•2022年3月14日#,养颜补血的红豆牛奶羹
"#晚餐•2022年5月27日# 
自己加了点血糯米和平时做饭用的大米",养颜补血的红豆牛奶羹
分享图片,养颜补血的红豆牛奶羹
分享图片,超级好吃的黄金三明治🥪
#早餐•2021年1月13日#  #吃饱早餐好好搬砖#,超级好吃的黄金三明治🥪
"#早餐•2021年1月12日#
家里的火腿刚刚吃完了，换成午餐肉同样好吃 👍",超级好吃的黄金三明治🥪
#午餐•2020年12月1日#,超级好吃的黄金三明治🥪
,超级好吃的黄金三明治🥪
#午餐•2020年7月13日#,超级好吃的黄金三明治🥪
,超级好吃的黄金三明治🥪
阳光很好，吃个美美的（肥肥的）早餐。南瓜乳酪+咸蛋黄肉松+火腿，咸甜大法好,超级好吃的黄金三明治🥪
表皮和底部脆脆的，中间软软的，我切的香肠有点大，哈哈哈，超级赞👍🏻好吃😋,超级好吃的黄金三明治🥪
好吃！明天出门的便当！,超级好吃的黄金三明治🥪
,超级好吃的黄金三明治🥪
#早餐•2019年8月4日#早餐：紫米面包🍞➕酸奶吐司🍞➕烘干果蔬脆➕咖啡☕️,超级好吃的黄金三明治🥪
好吃，想不到这么搭配,超级好吃的黄金三明治🥪
,超级好吃的黄金三明治🥪
#早餐•2022年5月13日#,超级好吃的黄金三明治🥪
👍🏻#早餐•2021年6月7日#,超级好吃的黄金三明治🥪
#午餐•2022年7月28日#  #福包馒头幸福快乐每一天，天天好心情😄😄😄❤❤❤🌹🌹🌹🌹🌹🌹#,自做干桂圆简单方便干净卫生无添加剂补血又补气
分享图片,快手早餐三明治🥪
#午餐•2022年7月25日# 西红柿+生菜+鸡胸肉+奶酪,快手早餐三明治🥪
#早餐•2022年7月20日#,快手早餐三明治🥪
"由对角切改为了对半切🍞把吐司煎了一下更好吃！
孜然羊肉三明治🥪=
全麦面包+生菜+黄瓜+孜然羊肉+煎蛋+丘比低卡沙拉酱",快手早餐三明治🥪
色香味俱全的三明治，一个下肚，非常饱腹，实在满足😋#早餐•2022年6月18日#,快手早餐三明治🥪
#午餐•2022年5月20日#,快手早餐三明治🥪
吃一半下去 碳水够了 满足,快手早餐三明治🥪
#早餐•2022年3月25日#,快手早餐三明治🥪
香菇鲜肉包#早餐•2022年2月21日#,快手早餐三明治🥪
"#早餐•2022年1月15日# 
烘了一个蛋皮
弄了一个英式炒蛋
一蛋双吃三明治",快手早餐三明治🥪
#早餐•2022年1月1日#,快手早餐三明治🥪
#晚餐•2021年12月4日#,快手早餐三明治🥪
"#早餐•2021年11月17日# 
没有买生菜，黄瓜，有些单调啦，下次继续加油🌻",快手早餐三明治🥪
奶油芝士➕车达芝士肠 两片面包裹起来卷卷卷  甜蜜蜜奇异果&浓浓的冲泡豆浆#午餐•2021年8月29日#,快手早餐三明治🥪
#晚餐•2021年8月8日#,快手早餐三明治🥪
没放火腿，放的鸡蛋和芝士片，很好吃！,超级好吃的黄金三明治🥪
#早餐•2021年3月31日#,超级好吃的黄金三明治🥪
好次好次好好次！面包片煎了一下超好吃！还有午餐肉 好好次呜呜#早餐•2021年4月4日#,快手早餐三明治🥪
分享图片,快手早餐三明治🥪
"三明治
下午烤了全麦吐司，想着做几个三明治明天当早餐，结果，被家里的两只🐷截胡了2个😄😄",快手早餐三明治🥪
分享图片,月瘦10斤关晓彤三明治
"#早餐•2020年6月10日# 
当一个🥪远看是绿色，那就一定不长肉！
(今日谬论hhh)",月瘦10斤关晓彤三明治
呜呜呜也太好次了吧！,月瘦10斤关晓彤三明治
分享图片,月瘦10斤关晓彤三明治
很好吃，又能吃饱！,月瘦10斤关晓彤三明治
吃这个吧，别天天清水煮白菜了,月瘦10斤关晓彤三明治
加了鸡胸鸡蛋 不错,月瘦10斤关晓彤三明治
分享图片,月瘦10斤关晓彤三明治
早餐挺省事，又好吃,月瘦10斤关晓彤三明治
不错,月瘦10斤关晓彤三明治
分享图片,月瘦10斤关晓彤三明治
#午餐•2020年8月23日#,月瘦10斤关晓彤三明治
分享图片,月瘦10斤关晓彤三明治
#午餐•2020年7月25日#,月瘦10斤关晓彤三明治
豪华版，胶原蛋白和维生素都补点,月瘦10斤关晓彤三明治
放点番茄酱 绝美～,月瘦10斤关晓彤三明治
夏酿补血益气蜜桃酒,夏酿补血益气蜜桃酒——酒水饮品（二十六）
加了煎鸡蛋肉丝海苔～没有加鸡胸肉#午餐•2020年6月14日#,月瘦10斤关晓彤三明治
,月瘦10斤关晓彤三明治
#早餐•2016年10月15日#喜欢比较糯的粥,经典古方：补血四红粥
#晚餐•2016年9月22日#味道，还不错。,经典古方：补血四红粥
#早餐•2016年3月12日#大姨妈驾到第一天，量少还头晕，果断查补血方子，昨晚煲好放焖烧杯，今早带来公司吃的。第一次煲这么好…没按方子的量不过比例刚好~好次！,经典古方：补血四红粥
#早餐•2020年3月18日# 这个方子不错，就是分量少了点,经典古方：补血四红粥
来交作业 就是红糖喝多了对牙齿不好，少喝就行#一人食#,经典古方：补血四红粥
大枣红豆汤,经典古方：补血四红粥
#午餐•2016年4月26日#好好味！,经典古方：补血四红粥
经期喝点，补血益气不错 #早餐•2018年6月27日#,经典古方：补血四红粥
方子超级好的！四红汤一人吃正好。 #早餐•2018年2月10日##药膳##养生#,经典古方：补血四红粥
#早餐•2017年1月2日##早餐打卡##探索早餐，发现好滋味#第一次做，加了糯米，好吃极了,经典古方：补血四红粥
姨妈刚走，元气补血粥加加血😜#早餐•2019年1月2日#,经典古方：补血四红粥
贼好喝啊！,经典古方：补血四红粥
#早餐•2018年5月1日#,经典古方：补血四红粥
#晚餐•2018年3月23日#【补血四红粥】用高压锅煲的，营养快捷！非常好的方子！感谢分享🌷🌷,经典古方：补血四红粥
加了一点糯米，像小时候吃的八宝粥一样，非常好吃！,补血补肾快煮粥
,补血补肾快煮粥
,补血补肾快煮粥
就是黑芝麻不好淘,补血补肾快煮粥
,补血补肾快煮粥
第一次煮好味！,补血补肾快煮粥
豆类太难熬了，下次一定要提前半天把豆泡好……,补血补肾快煮粥
,补血补肾快煮粥
,补血补肾快煮粥
,补血补肾快煮粥
所有食材泡了2小时 没放花生和核桃 加了些芝麻油代替了坚果油脂 赞,补血补肾快煮粥
#早餐•2017年12月5日#,经典古方：补血四红粥
红米 红豆 红花生 红枣 枸杞 五红粥 #早餐•2017年9月10日#,经典古方：补血四红粥
美味哦营养的早餐💃🏻🕺🏻 #早餐•2017年8月2日#,经典古方：补血四红粥
忘了放黑米😣 #早餐•2017年3月4日#,经典古方：补血四红粥
不错😋,养颜补血的红豆牛奶羹
好喝，甜而不腻,养颜补血的红豆牛奶羹
分享图片,养颜补血的红豆牛奶羹
简单好喝^_^,养颜补血的红豆牛奶羹
暖暖的早餐,养颜补血的红豆牛奶羹
分享图片,养颜补血的红豆牛奶羹
超好喝！！姨妈期暖身暖心绝绝子！,养颜补血的红豆牛奶羹
早上时间来不及，果然拿锅煮不太行，红豆不够软糯,养颜补血的红豆牛奶羹
不错不错，很好喝,养颜补血的红豆牛奶羹
把红豆打碎了 按照自己喜好加了红枣冰糖枸杞 #红豆牛奶羹##红豆牛奶羹#,养颜补血的红豆牛奶羹
好像遇到了传说中的赤小豆，怎么煮都不软😀后来没有耐心了，直接给它碾碎了😅味道还不错，就是红糖不小心放多了,养颜补血的红豆牛奶羹
吃几口就感觉腻了，啊，废了我好大的心力。,养颜补血的红豆牛奶羹
很不错，加了点银耳，淡淡的牛奶香。,养颜补血的红豆牛奶羹
很简单快手，牛奶最后在碗里加了一点，没有煮，感觉不如没加的好喝,养颜补血的红豆牛奶羹
没有提前泡发 煮了将近一个小时 下次一定提前泡 不过幸亏味道还不错,养颜补血的红豆牛奶羹
分享图片,养颜补血的红豆牛奶羹
牛奶丝滑  红豆绵密  爱了爱了～,养颜补血的红豆牛奶羹
"#早餐•2020年6月23日# 
黑芝麻三明治果然很黑！",随意任性发挥的早餐三明治
分享图片,随意任性发挥的早餐三明治
今早匆忙，包的不好。#早餐•2020年4月27日#  #早上来不及拍照系列#,随意任性发挥的早餐三明治
#早餐•2020年3月25日#                       虽然生活有时候会不尽人意🌹，但只要心里阳光明媚🌞，走到哪都是春暖花开～🌈！早安！☕☕☕,随意任性发挥的早餐三明治
#早餐•2020年3月22日#,随意任性发挥的早餐三明治
分享图片,随意任性发挥的早餐三明治
#早餐•2020年2月16日#,随意任性发挥的早餐三明治
分享图片,随意任性发挥的早餐三明治
"蜂蜜酸奶吐司夹生菜、鸡胸肉、鸡蛋、西红柿三明治
#早餐•2019年11月27日# #唯有爱与美食不可辜负# #改变从早餐开始#",随意任性发挥的早餐三明治
美味,随意任性发挥的早餐三明治
,随意任性发挥的早餐三明治
人生中第一款三明治新鲜出炉,随意任性发挥的早餐三明治
,随意任性发挥的早餐三明治
一切有点散架，没包好，用的千岛酱，味道不错，我妈也爱吃了,随意任性发挥的早餐三明治
,随意任性发挥的早餐三明治
大满足三明治🥪,随意任性发挥的早餐三明治
"#早餐•2021年8月14日# 

今早🥪快乐

火腿片＋生菜＋煎蛋＋油渍烤彩椒
酱用的是酸奶塔塔酱
上面撒一点柠檬盐和黑胡椒
齐活

出门去硬拉🏋🏻‍♀️",随意任性发挥的早餐三明治
比奶茶还要好喝,养颜补血的红豆牛奶羹
昨天晚上烤好面包，之前腌好的鸡胸肉，煎个鸡蛋放点番茄酱和生菜，非常快手了，给周末还要上班的秦老板来点热乎乎早点~#早餐•2021年6月26日#,随意任性发挥的早餐三明治
#晚餐•2021年3月12日#,快手早餐三明治🥪
快速解决,快手早餐三明治🥪
分享图片,快手早餐三明治🥪
分享图片,快手早餐三明治🥪
,快手早餐三明治🥪
#早餐•2022年8月3日#,快手早餐三明治🥪
#早餐•2022年7月17日#,快手早餐三明治🥪
#早餐•2022年6月26日# #狗子爱心餐#,快手早餐三明治🥪
#晚餐•2022年6月23日#,快手早餐三明治🥪
#早餐•2022年4月8日# 三明治🥪搭配玉米🌽糊，中西结合，营养搭配👍,快手早餐三明治🥪
包的松松垮垮#早餐•2022年3月28日#,快手早餐三明治🥪
#早餐•2022年3月17日#,快手早餐三明治🥪
#早餐•2022年3月7日#,快手早餐三明治🥪
自己做的吐司切片，味道更美味#早餐•2022年3月6日#,快手早餐三明治🥪
#晚餐•2022年3月1日#,快手早餐三明治🥪
200℃，11分钟，里面的沙拉酱换成了芝士，四个边角切下来一并放在烤盘里，烤出来像饼干，很好吃,超级好吃的黄金三明治🥪
#早餐•2020年10月11日#,超级好吃的黄金三明治🥪
#早餐•2020年8月22日#,超级好吃的黄金三明治🥪
相当不错，用的自己做的红豆吐司，太满足了,超级好吃的黄金三明治🥪
分享图片,超级好吃的黄金三明治🥪
偶尔吃个高热量早餐,超级好吃的黄金三明治🥪
#晚餐•2020年7月6日#,超级好吃的黄金三明治🥪
,超级好吃的黄金三明治🥪
#早餐•2020年3月3日# 黄金三明治、蜂蜜南瓜饮,超级好吃的黄金三明治🥪
#早餐•2020年1月29日#,超级好吃的黄金三明治🥪
过于随意哈哈哈,超级好吃的黄金三明治🥪
,超级好吃的黄金三明治🥪
很好的方子,超级好吃的黄金三明治🥪
没有珠葱末，撒点海苔碎一样很好吃😋,超级好吃的黄金三明治🥪
,超级好吃的黄金三明治🥪
,超级好吃的黄金三明治🥪
#早餐•2019年9月5日#,超级好吃的黄金三明治🥪
,超级好吃的黄金三明治🥪
"#晚餐•2022年2月27日# #ZUO锅快乐肥仔SHA# 
有时觉得应该另外弄个册集来放这些清汤寡水的图片吧🍐

左划  存图：年夜饭🍴",快手早餐三明治🥪
#晚餐•2021年12月6日#,快手早餐三明治🥪
#早餐•2021年11月15日# 不错，很受欢迎,快手早餐三明治🥪
贪心做了两个，结果没吃完！害！鸡胸肉🐔，煎蛋🍳，番茄🍅是标配，一个放了番茄酱和海苔肉松，一个放了清香园的一小袋泡菜，但是吃到后面有点腻了哈哈哈而且鸡胸肉吃太多也累觉不爱了……近期还是不会再尝试了，不过还是很好吃的，而且饱腹感十足，可能就是太...,月瘦10斤关晓彤三明治
没有卷成功，变成沙拉了😂,月瘦10斤关晓彤三明治
,月瘦10斤关晓彤三明治
分享图片,月瘦10斤关晓彤三明治
#晚餐•2020年5月30日#,月瘦10斤关晓彤三明治
#晚餐•2020年5月25日#,月瘦10斤关晓彤三明治
分享图片,月瘦10斤关晓彤三明治
嘻嘻 好次！番茄酱搁多一点点好好次,月瘦10斤关晓彤三明治
分享图片,月瘦10斤关晓彤三明治
分享图片,月瘦10斤关晓彤三明治
好吃是好吃的 有饱腹感就是太难包了呜呜呜#晚餐•2020年7月30日#,月瘦10斤关晓彤三明治
#午餐•2020年6月13日# 好大一个双人分！,月瘦10斤关晓彤三明治
#晚餐•2020年6月9日#,月瘦10斤关晓彤三明治
"#午餐•2020年6月9日#
自己放了喜欢的蟹肉棒、还有焯熟青豆玉米",月瘦10斤关晓彤三明治
好好吃饭,月瘦10斤关晓彤三明治
菜放少了   味道还是可以的,月瘦10斤关晓彤三明治
"#午餐•2015年2月16日#
#晚餐•2015年2月16日#

来，让我们干了这晚心灵鸡汤~

早上出门前炖的
下班回来正好喝一碗

每次家里人聚在一起吃饭
只要能得到一个鸡腿的待遇
我就觉得自己还是个小孩子哈哈哈",鸡汤
#晚餐•2014年6月25日#鸡汤,鸡汤
#晚餐•2014年5月11日# 婆婆膝盖刚动了手术出院，给她炖点鸡汤补补！,鸡汤
"老妈做的香菇木耳西洋参红枣炖小公鸡。 
和妈妈去市场买的散养小公鸡，18块钱一斤，花了64块钱。去毛处理好之后只有两斤半了。 

买的时候我说要一只小的，争取快点吃完。妈妈觉得鸡有点瘦了，不过觉得也可以。拿去姥姥加炖，姥姥说，焯水的时...",鸡汤
"我真的拍不好鸡汤这种东西...
送来的鸡是不是应该做点别的比较好= =
可是老母鸡不炖汤又觉得怪怪的...",鸡汤
,鸡汤
【老母鸡汤】上周末朋友聚会，朋友带来一只鸡，打开真空包装，嚯！肚里好多蛋哦！这汤营养好丰富的，砧好鸡块，留俩鸡腿，是犒劳我儿子哒～～😜👍😋😋😋 #晚餐•2016年5月14日#,鸡汤
#晚餐•2018年2月24日#鸡汤,鸡汤
#晚餐•2016年4月6日#制做中。,鸡汤
#午餐•2015年12月10日#鲜美,鸡汤
鸡汤面也超好吃 #午餐•2016年7月25日#,鸡汤
#晚餐•2014年10月9日#,鸡汤
,鸡汤
鸡汤拉面：挂面、味噌、鸡汤、红油酱豆腐、唐七味、鸡腿、白菜、小葱。幸福快手宵夜！ #晚餐•2017年3月16日#,鸡汤
一鸡两吃 #晚餐•2016年1月22日#,鸡汤
用得鸡肉，腌了一下煎的，太难包了，有什么妙招吗？,月瘦10斤关晓彤三明治
娃娃菜当皮，加了鸡胸肉和煎鸡蛋和一些菜，好好吃,月瘦10斤关晓彤三明治
最近空气污染指数爆表…口干舌燥太难受了…整天就想喝点汤汤水水的…里面放了当归黄芪党参桂圆莲子红枣…好喝润肺,鸡汤
老母鸡炖汤，不仅滋补，而且味道鲜美。炖到火候的汤头顺口浓郁，鸡肉的胶质和味道都全部炖了出来，这么美味的鸡汤，纵是一碗佛跳墙，我也是不换的♪───Ｏ（≧∇≦）,鸡汤
炖鸡汤！干儿子生日我带去的加菜，就是那口砂锅！炖了整只的绿色土鸡，朋友家养的，亲手提给我，阳台上养了两天，冰哥杀的！不知为什么就是没有拍照.. #晚餐•2015年6月5日#,鸡汤
"#晚餐•2018年12月7日# 

海鲜配劲洒，开启健康有味的人生
清蒸宝石鱼🐟
海鲜，是一种情愫和享受，美酒，更是一种美味搭配，吃海鲜，适量饮用劲酒可以抗疲劳和增强免疫力👍",清蒸鱼
蒸鱼,清蒸鱼
"破五再来一条鱼！这次是最简单纯朴的清蒸鱼，最大限度保持鲜嫩，用了有点跑气的白酒作料酒，去腥效果也不错~要传这条鱼就是为了鱼嘴。。。。哈哈哈
#午餐•2015年2月23日#",清蒸鱼
"清蒸鱼🐟～🍃
2018年的第一个作品选择突破自我！💪
从小怕鱼腥味的我有生以来第一次尝试做鱼🐟用料酒、姜丝儿和一丢丢盐给鱼做个简单的马杀鸡腌渍后上锅蒸，一点不腥！还有切葱丝儿太好玩啦！😍
啥时候再试试麻麻拿手的糖醋鱼嗷嗷嗷😋！
ps...",清蒸鱼
"#午餐•2019年2月10日# 
六六大顺！年年有余！
年年有🐟清蒸鱼~用李锦记蒸鱼豉油调味鲜上加鲜👍美味好吃，做年菜怎可以没李锦记呢😊",清蒸鱼
清蒸罗非鱼 #晚餐•2018年7月1日#,清蒸鱼
晚上吃了一条清蒸大黄花鱼～好好吃呀～！！！#xue最爱的海鲜#,清蒸鱼
一条被老黄蒸了十八分钟的鱼，蒸出来的肉质比老黄还老… #午餐•2018年9月23日#,清蒸鱼
"清蒸鱼🐟～🍃
2018年的第一个作品选择突破自我！💪
从小怕鱼腥味的我有生以来第一次尝试做鱼🐟用料酒、姜丝儿和一丢丢盐给鱼做个简单的马杀鸡腌渍后上锅蒸，一点不腥！还有切葱丝儿太好玩啦！😍
啥时候再试试麻麻拿手的糖醋鱼嗷嗷嗷😋！
ps...",清蒸鱼
"#舌尖上的家乡#

清蒸激浪鱼

今天去旺山玩，最大的期待就是农家乐了！！我不太懂这个鱼那个鱼的，我爸看了眼菜单就决定要激浪鱼了！

食客大都爱太湖三白，白鱼银鱼白虾。但其实激浪鱼也是灰常灰常灰常好吃的！！鱼刺很多很多（哭，真的...",清蒸鱼
"清蒸鱼🐟～🍃
2018年的第一个作品选择突破自我！💪
从小怕鱼腥味的我有生以来第一次尝试做鱼🐟用料酒、姜丝儿和一丢丢盐给鱼做个简单的马杀鸡腌渍后上锅蒸，一点不腥！还有切葱丝儿太好玩啦！😍
啥时候再试试麻麻拿手的糖醋鱼嗷嗷嗷😋！
ps：还有一...",清蒸鱼
#午餐•2016年12月26日#,经典古方：补血四红粥
我果然还是不爱吃颗粒分明的豆子。我是泡了一夜然后用电饭煲煮的。有没有好办法可以让豆子颗粒感不那么分明呀？ #早餐•2016年9月3日##一味手作#,经典古方：补血四红粥
木有红枣 #晚餐•2016年5月9日#,经典古方：补血四红粥
贫血啊贫血~每天来一碗补起来 #早餐•2015年12月27日#,经典古方：补血四红粥
,经典古方：补血四红粥
红糖红豆红枣黑米桂圆葡萄干，超好喝,经典古方：补血四红粥
,经典古方：补血四红粥
味道很棒！,经典古方：补血四红粥
红豆、红皮花生、圆糯米提前一天泡，红豆较多，放的量较随意。用砂锅慢慢炖的，加了红糖、红枣，水放多了，所以一直炖，炖了差不多5个小时，变得相当浓稠，是我爱的。拒绝不了甜食,经典古方：补血四红粥
粥熬好了，需要尽快吃，放一会儿就稠了。谢谢分享经验！参考了几个方案，用料十足。,经典古方：补血四红粥
加了颗蛋 甜鸡蛋赛高😁 #早餐•2016年8月8日#,经典古方：补血四红粥
头也不晕了，眼也不花了，肚子也不痛了，整个人都精神焕发咯！,经典古方：补血四红粥
好像红豆要多熬久一些,经典古方：补血四红粥
属猫的都来！#晚餐•2014年11月8日#,清蒸鱼
"清蒸鱼🐟～🍃
2018年的第一个作品选择突破自我！💪
从小怕鱼腥味的我有生以来第一次尝试做鱼🐟用料酒、姜丝儿和一丢丢盐给鱼做个简单的马杀鸡腌渍后上锅蒸，一点不腥！还有切葱丝儿太好玩啦！😍
啥时候再试试麻麻拿手的糖醋鱼嗷嗷嗷😋！
ps...",清蒸鱼
#晚餐•2014年7月12日#每天吃鱼。,清蒸鱼
#晚餐•2014年5月27日# 儿子生日那天做的，拍好没有传，今天传上。,清蒸鱼
#晚餐•2015年1月11日#,清蒸鱼
清蒸罗非鱼，10分钟搞定 #午餐•2014年10月6日#,清蒸鱼
#晚餐•2016年4月8日#彩椒清蒸鱼,清蒸鱼
#早餐•2018年6月3日#,经典古方：补血四红粥
#早餐•2018年3月18日#红豆  红枣  黑米   花生米   没放红糖就很香了~好吃好吃,经典古方：补血四红粥
如果坚持每天喝，多久会看到效果😝 #早餐•2017年11月22日#,经典古方：补血四红粥
好好吃 我用高压锅 #午餐•2016年4月8日#,经典古方：补血四红粥
#晚餐•2021年4月29日#,经典古方：补血四红粥
#早餐•2016年8月2日#早安安亲爱的们😘😘😘,银耳汤
"我也喜欢喝
但是忘记加燕窝…
也醉了
哎哎哎哎
昨天忙昏头了 
现在还晕 #午餐•2016年12月24日#",银耳汤
"下雨惹！又下雨惹！这个天气还能再让人吐槽一点吗！！
  感觉夏天来都没来就结束了！今年最高温度也就37、8度，过一两天就又降温下雨啥的，还我阳光好么%>_<%

  现在晚上碎觉根本不用开空调还得裹着被子碎什么节奏！
 ...",银耳汤
#午餐•2015年11月3日# #安东尼早餐叫醒##我要去普吉岛学泰餐#,银耳汤
"#午餐•2016年8月3日#
炎热的夏日，继续我的懒生活，午餐不吃饭，—碗冰镇银耳汤，带你爽上天！",银耳汤
,银耳汤
最爱的养生粥 提前泡软 做饼干的时候丢一边煮  #晚餐•2015年3月30日#,银耳汤
#晚餐•2017年7月29日#来碗冰镇银耳汤，爽歪歪！😄,银耳汤
#早餐•2014年5月8日# 银耳泡了6小时，高压锅压了30分钟，还不错哈！儿子尝了点说不够甜，早上热的时候再加点糖！,银耳汤
第一次熬出胶，好糯，这次买的银耳品质很好#早餐•2015年2月13日#,银耳汤
"薄荷@蜂香薄荷 推荐的银耳还没有到
所以只能用麻麻买的先凑合着
所以一点都不好！一点都不好！！！！！


明天那个银耳应该就要到了
到时候一定要再试",银耳汤
红糖放多了 有点苦,养颜补血的红豆牛奶羹
红豆牛奶羹和低卡红薯布朗尼蛋糕绝配，好吃又好喝，完美的下午茶。,养颜补血的红豆牛奶羹
用了泡了一天的赤小豆，没有糯糯的感觉，但是牛奶特别丝滑。下次用红豆。,养颜补血的红豆牛奶羹
分享图片,养颜补血的红豆牛奶羹
实际要比图上颜色深，很成功,养颜补血的红豆牛奶羹
分享图片,养颜补血的红豆牛奶羹
放的冰糖、红枣，有奶茶的味道，健康无添加，太棒了！,养颜补血的红豆牛奶羹
分享图片,养颜补血的红豆牛奶羹
分享图片,养颜补血的红豆牛奶羹
熬豆沙馅，水放多了。豆子看出来后，倒入牛奶，真的超级好喝，关键健康，没有植脂末,养颜补血的红豆牛奶羹
多放点红糖更好喝,养颜补血的红豆牛奶羹
还不错,养颜补血的红豆牛奶羹
红豆牛奶羹,养颜补血的红豆牛奶羹
分享图片,随意任性发挥的早餐三明治
#早餐•2020年5月14日# 紫薯鸡蛋生菜三明治,随意任性发挥的早餐三明治
#早餐•2020年5月2日# 好吃又健康，为了以后娃的春游秋游有东西能拿出手 老母亲不断开启新的技能,随意任性发挥的早餐三明治
#早餐•2020年3月24日#,随意任性发挥的早餐三明治
#早餐•2020年2月4日#,随意任性发挥的早餐三明治
分享图片,随意任性发挥的早餐三明治
火腿鸡蛋三明治#便当#,随意任性发挥的早餐三明治
用米包做的汉堡,随意任性发挥的早餐三明治
,随意任性发挥的早餐三明治
很漂亮,随意任性发挥的早餐三明治
,随意任性发挥的早餐三明治
#早餐•2022年6月24日# 新的一天又开始了！！！自己烤的吐司可以厚切做三明治,随意任性发挥的早餐三明治
简易版早餐三明治#早餐•2022年4月6日#,随意任性发挥的早餐三明治
#早餐•2022年2月22日#,随意任性发挥的早餐三明治
#早餐•2021年9月1日# 做了两种，好吃！,随意任性发挥的早餐三明治
用新买的闷烧锅做的，很不错呦～ #晚餐•2014年10月26日#,银耳汤
"#午餐•2014年5月26日# 银耳桂圆红枣枸杞莲子汤。

今早疯了，煮了一堆汤汤水水。

中午也是喝了一碗皮蛋粥再来一碗银耳汤。我这是什么吃法？-_-#",银耳汤
每天给自己煮一份养生粥 #午餐•2015年3月26日#,银耳汤
银耳汤,银耳汤
冰糖银耳红枣薏仁百合 滋润下肠胃 #午餐•2015年3月26日#,银耳汤
#早餐•2014年4月12日# 滋补一下，银耳莲子羹,银耳汤
加了红糖 #午餐•2015年4月14日#,银耳汤
分享图片,养颜补血的红豆牛奶羹
好吃。红豆富含铁，有补血功能,养颜补血的红豆牛奶羹
分享图片,养颜补血的红豆牛奶羹
加了牛奶后，火大了，煮成了咖啡色，味道很好😘,养颜补血的红豆牛奶羹
好喝,养颜补血的红豆牛奶羹
明日低脂🍱，打卡网红保鲜膜三明治,随意任性发挥的早餐三明治
分享图片,随意任性发挥的早餐三明治
美好的一天，从健康早餐开始~,随意任性发挥的早餐三明治
好了,超级好吃的黄金三明治🥪
#早餐•2021年11月30日#,超级好吃的黄金三明治🥪
孩子爱吃，就是感觉合不到一块儿，得捏着吃#早餐•2021年7月3日#,超级好吃的黄金三明治🥪
就这个步骤自己改了配方，上次夹了三层火腿片太咸了#早餐•2021年5月13日#,超级好吃的黄金三明治🥪
超级好吃,超级好吃的黄金三明治🥪
#早餐•2021年3月25日#,超级好吃的黄金三明治🥪
吐司也是自己做的 就是最底下那片被压扁了,超级好吃的黄金三明治🥪
起士满满,超级好吃的黄金三明治🥪
因为想要夹点蔬菜，怕烤箱把蔬菜烤干了，所以先烤完，再添加的生菜，西红柿，煎鸡蛋和牛排。边缘烤得脆脆的，中间软软的，早上提前20分钟起床，简单快捷，孩子吃的营养丰富，赞赞赞,超级好吃的黄金三明治🥪
#早餐•2020年8月31日#,超级好吃的黄金三明治🥪
切边更好吃，不切一烤就变得好硬,超级好吃的黄金三明治🥪
东西不全就只能这样了，其他的没拍，嘻嘻嘻，不过味道还是很好的，光盘行动哟#早餐•2020年5月26日#,超级好吃的黄金三明治🥪
超好吃的。尝试了面包面不加芝士，就会烤焦，所以面包面最好还是加芝士，烤出来比较漂亮。,超级好吃的黄金三明治🥪
太赞了,超级好吃的黄金三明治🥪
#午餐•2021年9月2日#,快手早餐三明治🥪
#早餐•2021年7月29日# 好吃又简单，哈哈哈哈，妈妈再也不用担心我没有早餐吃了,快手早餐三明治🥪
#晚餐•2021年3月12日#,快手早餐三明治🥪
懒人版。,快手早餐三明治🥪
"唯一难点在于准备食材的时候不能先进肚子。
煎了一下培根，不用放油，用小火把培根本身的油煸出来，然后总煸的油打一个蛋。加了两片芝士，用黄瓜代替了西红柿。没有放酱，热量已经很高了，而且芝士和培根本身的咸味足够了。现做的话还可以黄油煎一下面包，脆...",快手早餐三明治🥪
#晚餐•2022年7月15日#,快手早餐三明治🥪
放了点土豆泥，好有食欲啊！！#早餐•2022年7月11日#,快手早餐三明治🥪
#晚餐•2022年7月2日#,快手早餐三明治🥪
#午餐•2022年6月30日# 很喜欢，一会炫完了,快手早餐三明治🥪
#早餐•2022年5月14日# 在上海你可能会没有2022年的春天，但你会发现你其实有一双巧手,快手早餐三明治🥪
#早餐•2022年5月10日#,快手早餐三明治🥪
#午餐•2022年5月6日#,快手早餐三明治🥪
#三明治🥪！##好吃好吃😋😋😋##晚餐•2022年5月2日##火腿##生菜生菜##沙拉酱#,快手早餐三明治🥪
#早餐•2022年4月23日#,快手早餐三明治🥪
ԅ(¯﹃¯ԅ),红烧猪蹄
"呐
你们要看的硬菜
自己说够不够硬！

#硬菜！横菜！镇场菜！#",红烧猪蹄
汤汁浓郁，肥而不腻 #晚餐•2014年12月1日#,红烧猪蹄
有些事情真是天注定 好比我的生日是417死要吃 结婚纪念日是1127黑五 注定我的人森只有吃跟买买买  #晚餐•2015年11月27日#,红烧猪蹄
"忙过这一阵上来发张图~！其实还有半个月才轻松些...

我妈让我减肥！姥姥听完给我炖了猪蹄！
经鉴定，是亲的！

深更半夜，你也来一口嘛

#春日宴# #晚餐•2015年4月19日#",红烧猪蹄
"比吃猪蹄有满足感的事情，太少了！真是太少了！
#春日宴# #晚餐•2014年3月30日#",红烧猪蹄
美容养颜～味道超赞～(☆_☆),红烧猪蹄
"唯一会喜欢吃的一种肥肉, 因为它有骨头 要不然窝会腻死的. 好吃~~ 补充下胶原蛋白。@Rachel_空白格  看窝白烧的特别诱惑 窝就迫不及待的喊娘去买了 ╭(╯3╰)╮~~
#Ma cuisine,mes plats et mes p...",红烧猪蹄
"好久没吃猪蹄儿了~因为室友那个二货不吃带皮带筋的东西。。渣渣！
今天正好去超市，然后晚上是一个人吃，于是乎一口气吃了三磅！
我是不是太凶残了一点儿。。可是这个确实太好吃了嘛╮(╯_╰)╭太心急了才压了35分钟就拿出来了~虽然也是烂烂的但...",红烧猪蹄
,超级好吃的黄金三明治🥪
怎么说呢，好吃到不行，浓浓芝士,超级好吃的黄金三明治🥪
"#晚餐•2019年11月13日# 
#镜头下的美味#",超级好吃的黄金三明治🥪
加了番茄酱和沙拉酱，蕃茄酱稍微有点咸，好吃的！,超级好吃的黄金三明治🥪
#早餐•2022年4月11日#,快手早餐三明治🥪
简单方便#午餐•2022年4月4日#,快手早餐三明治🥪
#午餐•2022年3月13日#感谢分享,快手早餐三明治🥪
没放沙拉酱，用的全麦面包，生菜做熟一点可以多放一些，不然放不了几片，煎蛋用的小锅配合椰子油，能把蛋煎成方形，煎蛋的时候放点点盐，再塞点肉松进去,快手早餐三明治🥪
先用高压锅做的 又红烧的 感觉这样的不忍用小火炖2小时的好吃入味#晚餐•2014年8月26日#,红烧猪蹄
"红烧猪蹄。

满满一盆胶原蛋白，让脸上的褶子全部舒展吧〜 #晚餐•2014年7月3日#",红烧猪蹄
"还留守在蒙村的小伙伴们聚餐，一人带一个菜。我跟老大就选择了这个他烧过无数次的猪脚。

因为前两天买到了心心念的味极鲜，我就说别用生抽了，用味极鲜代替。老大掌勺我打下手，我跟他说味极鲜有颜色，老抽一定要少放点。他嘴上说着好好好，结果趁我不...",红烧猪蹄
#晚餐•2014年8月26日#美味,红烧猪蹄
#肉肉肉肉肉的cooking journey# 肉肉肉肉作品里面竟然没有肉肉，怎么对得起这个名字，那就来一道红烧猪手，肉肉上菜咯。,红烧猪蹄
又来了～ #晚餐•2014年8月16日#,红烧猪蹄
老妈还有猪蹄吗~~~~~ #午餐•2014年11月19日#,红烧猪蹄
光线是食欲的催化剂 #晚餐•2015年5月19日#,红烧猪蹄
猪蹄啃起来！ #晚餐•2016年4月8日#,红烧猪蹄
做了两次啦,月瘦10斤关晓彤三明治
关晓彤同款三文治,月瘦10斤关晓彤三明治
包好之前忘记放酱了,月瘦10斤关晓彤三明治
#晚餐•2021年5月9日#,月瘦10斤关晓彤三明治
分享图片,月瘦10斤关晓彤三明治
,月瘦10斤关晓彤三明治
满满的牛肉,月瘦10斤关晓彤三明治
分享图片,月瘦10斤关晓彤三明治
"#晚餐•2020年6月4日# 
加了面包🍞🤷🤷",月瘦10斤关晓彤三明治
分享图片,月瘦10斤关晓彤三明治
给自己做了生菜sandwich 竟然有点饱😂,月瘦10斤关晓彤三明治
分享图片,月瘦10斤关晓彤三明治
"放的素香肠和臭豆腐
哈哈哈(ಡωಡ)hiahiahia#午餐•2020年5月23日#",月瘦10斤关晓彤三明治
分享图片,月瘦10斤关晓彤三明治
分享图片,月瘦10斤关晓彤三明治
好好吃，好好瘦，我的减肥餐٩😛ི۶,月瘦10斤关晓彤三明治
#午餐•2015年10月23日#,鸡汤
#午餐•2017年3月13日#,鸡汤
#晚餐•2016年5月17日#,鸡汤
第一碗心灵鸡汤 #午餐•2015年10月26日#,鸡汤
,鸡汤
,鸡汤
好吃极了 #午餐•2016年2月6日#,鸡汤
#晚餐•2016年10月9日#,鸡汤
老家养的鸡，只用少许盐调味，美味又健康。 #午餐•2016年7月18日#,鸡汤
"笔记：
鸡肉先用山茶油炒香 各种菌菇用水泡开 滤去残渣沙泥加入鸡汤底汤。鸡肉炖到一半时间放入菌菇 最后半小时加入竹荪 鲜而不腻适合春夏。 #晚餐•2017年4月23日#",鸡汤
"借地放片，不是按这方子做的。
老爸今天做的鸡汤，放了山药、花旗参、枸杞，简简单单才是原汁原味。
 #晚餐•2015年12月2日#",鸡汤
只放了葱姜盐就是对一只母鸡的最好礼赞 #晚餐•2014年8月31日#,鸡汤
#晚餐•2014年6月4日#很好喝的鸡汤。不油腻，不会发胖,鸡汤
,鸡汤
看来党参还是搁多了 #晚餐•2016年7月2日#,鸡汤
鸡要买的好，只要黑木耳和几片姜。小火慢煮就可以了。煮酥烂了后喝前加点盐就可以了。 #晚餐•2016年5月25日#,鸡汤
"罗宋汤的香浓确实招人喜欢😊，所以经常会熬上那么一小锅。
友友们，新的一天，好的心情，早安！💕
#早餐•2018年11月15日#",罗宋汤
#早餐•2019年3月1日#,罗宋汤
#晚餐•2014年5月25日#周末終於有時間燒個湯了 作為上海人怎麽能不會做這個湯呢 超愛這個味道的 雖然很多上海人的燒得都是簡便版本的 就是加了現成的火腿的 但媽媽燒的羅頌湯一直都是用的牛腩 我也更愛這一款的*^o^*再加個清炒菠菜 一個...,罗宋汤
#晚餐•2016年1月16日##某一天之前的每一天#全用的牛腩汤 浓缩了一整颗番茄和半颗洋葱的鲜甜(ง •̀_•́)ง,罗宋汤
"杭州下了2015年的第一场雪
感冒的我给自己煮了一锅暖暖的汤，味道还真不错！
用电饭煲煮比较方便！


 #晚餐•2015年12月5日##佳沛奇异果小课堂#",罗宋汤
"这次放了好多牛肉，然后放了更多的蔬菜，牛肉最终还是沦为了配角。。。
加了洋葱，胡萝卜，土豆，包菜，蘑菇和西红柿，加了青菜之后高压锅变得超级超级满，不敢加盖煮了，最后是敞着盖煮的。
#汤汤水水篇 by Kaidi#",罗宋汤
"把牛肉换成了大红肠，加了黄油炒的面粉，变成了非常浓稠的上海罗宋汤，酸酸甜甜，非常美味。
晚饭时间，有人叫饿，等吃呢，来不及摆拍了，在被消灭前随意来张照吧。
上餐桌后很快就被光盘啦……#晚餐•2015年6月9日#",罗宋汤
"为了打扫冰箱存货，炖了浓浓一大锅罗宋汤,儿子好喜欢。#晚餐•2014年9月13#水皮家の私房菜#日#",罗宋汤
"#晚餐•2018年10月30日# 
味道非常不错……",罗宋汤
下次牛肉一定要多放！ #晚餐•2015年10月28日#,罗宋汤
味道真是不错滴～^ _ ^,罗宋汤
"儿子咽喉炎
完全说不出话😓
课也不能上
晚上做点罗宋汤
再做几个小汉堡
#晚餐•2021年11月16日# 
#我的厨房天地#",罗宋汤
#晚餐•2014年7月4日#,罗宋汤
分享图片,月瘦10斤关晓彤三明治
第一次做，竟然吃的很不过瘾😂😂😂,月瘦10斤关晓彤三明治
喝两碗鸡汤！🍗🐔 #晚餐•2016年12月3日##心灵鸡汤#,鸡汤
#晚餐•2016年4月21日#最简单的鸡汤最好喝,鸡汤
美味罗宋汤酸酸甜甜很开胃。 #松下烘焙大师赛#,罗宋汤
开胃，好喝，营养……哈哈，不多说了，宴会首选汤……,罗宋汤
烤箱里的鸡翅要糊了。。随便拍了。圣诞晚餐之三！,罗宋汤
#午餐•2019年1月18日#解锁了牛肉新菜式，罗宋汤，只有几样菜，不算正宗，不过酸溜溜很开胃,罗宋汤
很美味，很喜欢 #午餐•2014年11月10日#,罗宋汤
营养早餐,经典古方：补血四红粥
#汤# 豆子煮的软软的，超好喝,经典古方：补血四红粥
好吃，谢谢！,经典古方：补血四红粥
,经典古方：补血四红粥
四红粥,经典古方：补血四红粥
好吃~,经典古方：补血四红粥
没有紫米（黑米）放了糯米，直接用的高压锅，味道不错哦,经典古方：补血四红粥
#晚餐•2016年5月30日#妈咪最近贫血，给妈咪补血的😄,经典古方：补血四红粥
两个人，美美哒,经典古方：补血四红粥
#午餐•2018年2月4日#补血养颜，吃出好气息！,经典古方：补血四红粥
我的美容粥,经典古方：补血四红粥
改良了下，加了银耳，皂米，莲子，枸杞，红枣，红豆和花生。大补～,经典古方：补血四红粥
,经典古方：补血四红粥
,经典古方：补血四红粥
鸽子汤也 #晚餐•2016年3月12日#,鸽子汤
鸽子汤口感浓郁，润而不腻,鸽子汤
鸽子汤,鸽子汤
放了天麻、香菇、虫草花，开锅放了点儿青菜，赞！ #晚餐•2014年8月15日#,鸽子汤
#晚餐•2016年9月16日#,鸽子汤
鸽子汤面 #早餐•2014年12月30日#,鸽子汤
一个人也要好好吃饭！何况现在是两个人，不能偷懒啦！要把好的生活态度传递给北鼻～～营养鸽子汤+彩椒西兰花肉片+小米饭 #午餐•2015年10月23日##孕期营养#,鸽子汤
借地发图。*_*辣子鸽：1凉油爆香花椒大茴，油热爆香尖椒葱姜；2下鸽子，不停煸炒至鸽子不出水油；3下醋酱油甜面酱，炒匀；4倒开水没过鸽子，大火烧开，改小火炖，下青椒翻炒，收汁；5少盐，出锅。。。（同理炒辣子鸡鸭鹅）^_^超级好吃哦,鸽子汤
"#晚餐•2014年4月29日# 宵夜。汤甜肉嫩！

易果网充1500送的美洲大王鸽，还可以。",鸽子汤
第一次做味道还不错，看相差了点 #晚餐•2015年6月14日#,鸽子汤
鸽子汤#晚餐•2015年1月25日#,鸽子汤
虫草花沙参枸杞玉竹玉米  药膳的做法，适合冬日进补 #晚餐•2015年11月9日#,鸽子汤
YAMI 早上起大早就开始炖了 放了红枣和枸杞 鸽子肉嫩嫩哒 入口即化～好吃又营养 ✺◟(∗❛ัᴗ❛ั∗)◞✺ #午餐•2015年4月24日#,鸽子汤
#午餐•2021年11月10日# 两人只鸽子六个红枣，明火一小时,鸽子汤
#晚餐•2016年3月8日#,鸽子汤
很好吃。。枸杞放多了，有点甜。。。 #晚餐•2015年9月29日#,鸽子汤
"清蒸鱼🐟～🍃
2018年的第一个作品选择突破自我！💪
从小怕鱼腥味的我有生以来第一次尝试做鱼🐟用料酒、姜丝儿和一丢丢盐给鱼做个简单的马杀鸡腌渍后上锅蒸，一点不腥！还有切葱丝儿太好玩啦！😍
啥时候再试试麻麻拿手的糖醋鱼嗷嗷嗷😋！
ps：还有一...",清蒸鱼
今天的罗非鱼是咸水的，相对贵一点，10块钱一斤，不过肉质好像更嫩？还是跟我蒸的时间有关？这条一斤四两的罗非鱼冷水上锅大概蒸了12分钟 #午餐•2014年10月12日#,清蒸鱼
"清蒸鱼🐟～🍃
2018年的第一个作品选择突破自我！💪
从小怕鱼腥味的我有生以来第一次尝试做鱼🐟用料酒、姜丝儿和一丢丢盐给鱼做个简单的马杀鸡腌渍后上锅蒸，一点不腥！还有切葱丝儿太好玩啦！😍
啥时候再试试麻麻拿手的糖醋鱼嗷嗷嗷😋！
ps...",清蒸鱼
"清蒸鱼🐟～🍃
2018年的第一个作品选择突破自我！💪
从小怕鱼腥味的我有生以来第一次尝试做鱼🐟用料酒、姜丝儿和一丢丢盐给鱼做个简单的马杀鸡腌渍后上锅蒸，一点不腥！还有切葱丝儿太好玩啦！😍
啥时候再试试麻麻拿手的糖醋鱼嗷嗷嗷😋！
ps：还有一...",清蒸鱼
好鲜嫩的鱼#晚餐•2014年9月4日#,清蒸鱼
料汁上略有改动～味道一样的棒～清真鱼吃起来～馋到你没有哦～～(☆_☆),清蒸鱼
"提前给我爹过父亲节 做了仨菜
清蒸鲈鱼 炖豆腐 干锅
很久不吃清蒸鱼了
觉得很不错~",清蒸鱼
#晚餐•2014年4月11日# 第一次蒸这么大的鱼，怕不熟却切花多了～尾巴也只好牺牲掉[偷笑],清蒸鱼
对鱼不感冒～做得不好～,清蒸鱼
谢谢这一年来大家的支持和陪伴！不管我总是只会那几道菜，从不嫌弃…谢谢大家在下厨房里陪我走过2014，让我们一起在2015加油吧Y(^_^)Y #晚餐•2014年12月31日#,清蒸鱼
其实今晚还有清蒸鱼…儿子整天就是鱼肚没骨的肉，鱼油，鱼籽捞饭吃，蔬菜菜除了番茄炒蛋，其它是一点不爱啊…#晚餐•2014年7月31日#,清蒸鱼
,清蒸鱼
作为一个鱼类杀手 终于做出了完整的一条鱼！虽然毫无技术含量可言…… #晚餐•2014年6月17日#,清蒸鱼
,经典古方：补血四红粥
"Good morning 系列
红豆黑米粥 + 大包子 #早餐•2016年8月6日##嘿～今天你吃了么#",经典古方：补血四红粥
#早餐•2022年2月7日# #八宝粥# 再来一碗“黑色诱惑”！桑葚干桂圆莲子花生鹰嘴豆黑米粥！再加两勺奶粉！美美哒！宝宝也跟着吃了！,经典古方：补血四红粥
"今天去中信开光即将上市的两册小熊很忙，这书现在全球都没有大货，本胖开光的是中国唯一的打样，哈哈。另外，一本关于英语启蒙的字书可能要提上日程啦。时不我待。

晨跑5km，走路10km，肩1小时。消耗1391大卡，饮食摄入1691大卡。Susa...",经典古方：补血四红粥
补补～ #午餐•2015年1月25日#,鸽子汤
#晚餐•2014年6月4日#,鸽子汤
"清蒸鱼🐟～🍃
2018年的第一个作品选择突破自我！💪
从小怕鱼腥味的我有生以来第一次尝试做鱼🐟用料酒、姜丝儿和一丢丢盐给鱼做个简单的马杀鸡腌渍后上锅蒸，一点不腥！还有切葱丝儿太好玩啦！😍
啥时候再试试麻麻拿手的糖醋鱼嗷嗷嗷😋！
ps：还有一...",清蒸鱼
#晚餐•2016年2月1日#今天是女儿的生日，老公做了四个菜，一家三口吃的好开心！,清蒸鱼
好鲜～ #晚餐•2014年9月18日#,清蒸鱼
蒸鳊鱼…,清蒸鱼
"清蒸鱼🐟～🍃
2018年的第一个作品选择突破自我！💪
从小怕鱼腥味的我有生以来第一次尝试做鱼🐟用料酒、姜丝儿和一丢丢盐给鱼做个简单的马杀鸡腌渍后上锅蒸，一点不腥！还有切葱丝儿太好玩啦！😍
啥时候再试试麻麻拿手的糖醋鱼嗷嗷嗷😋！
ps：还有一...",清蒸鱼
"最近要调养身体！养生膳食模式启动~

多多补充水分，多多补充胶原蛋白噢(⊙o⊙)哦。

上次熬得不好喝！这次熬的太好喝了 ~\(≧▽≦)/~啦啦啦


#午餐•2015年4月27日# 

#女人就要多多滋补啊#

#松...",银耳汤
"睡前一碗，清晨一碗。棒呆。


#早餐•2015年7月30日#",银耳汤
加了自制的桂花酱，香气扑鼻 #午餐•2014年10月7日#,银耳汤
昨晚开始熬，今早起来继续熬一下就出门了〜〜下午回来喝一碗，嗯〜〜〜终于熬出头了！好喝^_^,银耳汤
用炖盅炖了2个多小时   隔夜第二天稠稠的更好吃。。。。,银耳汤
#晚餐•2014年2月5日#连续接待亲戚朋友，天天外食，真的吃怕了，炖锅汤水润一润。,银耳汤
喜欢银耳炖的稠稠的，感觉每一口都是满满的胶原蛋白。 #晚餐•2014年8月10日#,银耳汤
,银耳汤
一煲好就来一碗，有点任性了…水放少了点…#早餐•2015年2月16日#,银耳汤
很少煲银耳汤，无糖～ #早餐•2016年6月9日#,银耳汤
喜欢吃甜的，就加了苹果和梨，去去火 #早餐•2016年2月16日#,银耳汤
"#午餐•2018年10月6日##外外歪歪#红烧肉，酱大骨头，蛋炒饭，菠萝咕噜肉，花卷，炸鱼，香蕉，白菜猪肉炖粉条。
吃肉肉ꈍ .̮ ꈍ",红烧肉
#晚餐•2016年11月23日#很好吃，喜欢吃肉的赶紧动手做吧。,红烧肉
缺少调料 #晚餐•2016年6月4日#,红烧肉
"做了几次 都不怎么好
这次看着还行 露个脸 #午餐•2016年5月25日#",红烧肉
自己炖的猪头，做了红烧肉，过程觉得很渗的慌😢，以后还是直接买肉炖好了。。。 #午餐•2017年4月27日#,红烧肉
菜谱很好，加了土豆和藕，香糯软烂，还能中和油腻，效果非常好 #晚餐•2017年4月4日##武小厨私房菜#,红烧肉
#午餐•2014年10月18日# 第一次跟着做，好吃，酱油和糖都要舍得放,红烧肉
#晚餐•2014年6月24日#,红烧肉
高压锅30分钟，火候正好，瘦肉部份和肉皮都软软糯糯的，肥的部分也一点都不腻，好吃！ #晚餐•2016年2月15日#,红烧肉
嘿嘿。她们说好吃 #午餐•2017年3月22日#,红烧肉
分享图片,随意任性发挥的早餐三明治
#早餐•2020年5月13日#,随意任性发挥的早餐三明治
分享图片,随意任性发挥的早餐三明治
#早餐•2019年12月31日#,随意任性发挥的早餐三明治
不错，鸡蛋时间短了点。#早餐•2019年12月16日#,随意任性发挥的早餐三明治
随意发挥  喜欢吃啥夹啥,随意任性发挥的早餐三明治
"【塞太满三明治】

自己做的三明治总是塞很满 直接当早饭和中饭没问题👌🏻
就是这么实在且好吃！

鸡胸肉+料酒+黑胡椒+酱油（减脂期可以少放点酱料之类的）
紫薯上锅蒸 
鸡蛋煎或煮 再切好
番茄必不可少～ #早餐•2019年10月11日##...",随意任性发挥的早餐三明治
"没加沙拉酱，被吐槽淡而无味
但本人很喜欢～",随意任性发挥的早餐三明治
"#晚餐•2022年3月20日# 

不要放地瓜 不好吃",随意任性发挥的早餐三明治
"#早餐•2022年3月11日# 
太好吃了哈哈哈❤️",随意任性发挥的早餐三明治
#早餐•2021年7月25日#,随意任性发挥的早餐三明治
分享图片,养颜补血的红豆牛奶羹
分享图片,养颜补血的红豆牛奶羹
"#早餐•2016年2月4日##北山家的日常#
炖了好久
好粘稠",银耳汤
🍀 听说，这个比敷面膜更有效…☺️☺️ #晚餐•2016年12月13日#,银耳汤
"#晚餐•2016年2月4日##北山家的日常#
Ellen姐送我的鲜银耳  超级美！  像不像搓澡球✧*。٩(ˊωˋ*)و✧*。
@ELLEN私厨",银耳汤
秋天了，要多喝汤哦！ #晚餐•2014年10月16日#,银耳汤
#早餐•2014年5月24日# 早上喝一碗甜甜的汤，起床气瞬间消失！心情特别好，感觉好幸福～,银耳汤
#晚餐•2014年6月22日#银耳汤。晚上做多了，老公和孩子都睡了，我自己喝吧。。。。,银耳汤
秋燥 润润润 #晚餐•2015年8月17日#,银耳汤
超级好吃！#午餐•2015年2月4日#,红烧肉
#晚餐•2017年4月8日#出锅的五香红烧肉，肉已焖至入口即化🐷,红烧肉
第一次上传喔 #晚餐•2014年8月1日#,红烧肉
#午餐•2014年2月25日#样子还行吧?,红烧肉
学着做好像还不错 #晚餐•2015年12月11日#,红烧肉
加了两个蛋和几棵黄花菜 #晚餐•2015年7月30日#,红烧肉
这道菜做了很多遍了，终于有进步 #晚餐•2015年11月18日#,红烧肉
超级好吃 #午餐•2015年11月21日#,红烧肉
#午餐•2021年6月20日#健康少油， 爬山必备(´▽｀)ノ♪,随意任性发挥的早餐三明治
#早餐•2020年10月24日#紫薯×火腿×🥚×胡萝卜×生菜×麻薯，真♥万物皆可三明治,随意任性发挥的早餐三明治
搭配的食材有点少，味道还不错！,随意任性发挥的早餐三明治
随意发挥～,随意任性发挥的早餐三明治
,随意任性发挥的早餐三明治
#午餐•2020年6月9日#,随意任性发挥的早餐三明治
分享图片,随意任性发挥的早餐三明治
很喜欢老妈卤的东西~特别是猪蹄！所以让老妈做了些我带去工作室~~中午热了一下~热好的时候八角桂皮的味道太香了~~~~~~拍的时候很捉急！ 只想快点吃！T^T.. 拍好就端走吃！ 最后卤汁都被我们倒去拌饭！可惜米饭不够吃！！ #午餐•2014...,红烧猪蹄
#晚餐•2015年6月17日#,红烧猪蹄
#晚餐•2015年6月17日#,红烧猪蹄
#晚餐•2015年3月6日#老妈厨艺真的越来越好了~这回让我想起小学因为要上课的原因我们从外婆家搬回自己家后老妈开始为我学做饭，在厨房手忙脚乱很慌张的样子，老爸在旁边教老妈做饭~~但现在完全倒过来了，过年期间厨房里都是老妈在嫌弃老爸这个那个...,红烧猪蹄
#晚餐•2015年5月19日#,红烧猪蹄
#晚餐•2014年3月2日#烧了一大碗猪蹄，加了一些油豆腐一块儿烧的，可香了！,红烧猪蹄
#晚餐•2014年2月10日#太冷太冷了！必须吃这高热量食物，不然我扛不住了！,红烧猪蹄
#晚餐•2015年3月6日#,红烧猪蹄
颜色没有上太深#晚餐•2015年1月13日#,红烧猪蹄
#晚餐•2014年7月14日#,红烧猪蹄
"‍燜‍豬腳‍肉‍😋ૌ

‍不是照著‍這個菜譜‍做的‍.

‍沒想到味道格外‍好‍.

‍感覺‍是‍上海‍口味‍.

‍下了一點‍冰糖‍和‍辣椒‍.

‍特別好吃‍.‍‍‍第一次‍做這個‍.‍很‍滿意
 #午餐•2016年4月14日#",红烧猪蹄
老公的最爱#晚餐•2014年8月20日#,红烧猪蹄
#早餐•2021年11月29日#,快手早餐三明治🥪
为啥我的这么厚..,快手早餐三明治🥪
#早餐•2021年5月17日# 简单易上手，关键娃娃很喜欢吃,快手早餐三明治🥪
好次,快手早餐三明治🥪
来英国前三天吃了3天三明治,快手早餐三明治🥪
#午餐•2021年4月3日# 本来是要去外面野餐，但是下雨了，那就在家野餐吧，孩子吃得很开心,快手早餐三明治🥪
分享图片,快手早餐三明治🥪
分享图片,快手早餐三明治🥪
交作业啦 好吃的嘞 老公也说好吃😁,快手早餐三明治🥪
,超级好吃的黄金三明治🥪
哈哈，感觉做了个热量炸弹💣,超级好吃的黄金三明治🥪
材料不足，最简易版了，烤的时候铺垫了锡纸可能要刷成油好一点，我的最底部都粘黏住了,超级好吃的黄金三明治🥪
中午给我妈妈熬的鱼汤小白菜面汤还有蒸南瓜,超级好吃的黄金三明治🥪
,超级好吃的黄金三明治🥪
午餐,超级好吃的黄金三明治🥪
,超级好吃的黄金三明治🥪
南瓜吐司華麗的蛻變🥪🥪,超级好吃的黄金三明治🥪
,超级好吃的黄金三明治🥪
下了一阵雨，象蒸桑拿一样，天又阴了下来，预报午后还有大到暴雨〜〜,绿豆汤
绿豆汤配烧饼加牛肉〜〜,绿豆汤
绿豆薏仁汤,绿豆汤
冰镇绿豆汤，带点甜味，又不失豆子的味道，，美美的，， #午餐•2015年3月11日#,绿豆汤
#晚餐•2015年12月12日#好好吃啊,绿豆汤
老公有点中暑了，全身酸痛无力。就用用山葡萄枝熬的汤，然后再煮绿豆，有治疗伤暑身酸的功效。功效挺多的，潮汕人喜欢夏天用来煮绿豆去暑气～,绿豆汤
消暑解渴利器 #晚餐•2015年8月3日#,绿豆汤
用电饭锅煮的，泡了两个小时，很烂了 #晚餐•2015年5月4日#,绿豆汤
饭后来一碗,绿豆汤
绿豆汤～夏日好伙伴～ #晚餐•2015年7月26日#,绿豆汤
红豆+绿豆+通心粉^_^,绿豆汤
#晚餐•2014年7月16日# 还不错,绿豆汤
加上了四川小辣椒，高压锅20分钟刚刚好。少盐才能品肉香啊～配冰啤，过瘾～ #晚餐•2014年6月10日#,红烧猪蹄
"寒冷的冬天，积累点脂肪好过冬啊！
已经130的体重，再来几斤也不怕啊！ #晚餐•2015年11月17日#",红烧猪蹄
#午餐•2014年7月1日#第一次烧～嘻嘻～,红烧猪蹄
#晚餐•2014年4月3日#自己煮的就是好吃，没有异味,红烧猪蹄
肉肉的节奏 #晚餐•2014年8月11日#,红烧猪蹄
美容哦〜,红烧猪蹄
前天剩的吐司今天又做了一个，以后随时想吃随时可以做了,快手早餐三明治🥪
分享图片,快手早餐三明治🥪
用早餐机压五分钟，面包两面脆脆的趁热吃很赞👍,快手早餐三明治🥪
#早餐•2022年7月30日#,快手早餐三明治🥪
火腿鸡蛋芝士三明治！#早餐•2022年7月23日#,快手早餐三明治🥪
"#晚餐•2022年6月30日# 
很简单......",快手早餐三明治🥪
#早餐•2022年6月29日#,快手早餐三明治🥪
#早餐•2022年6月1日#,快手早餐三明治🥪
"小朋友的早餐 
自己做的全麦吐司 ➕蛋 培根 生菜 营养健康",快手早餐三明治🥪
#早餐•2022年6月8日#,超级好吃的黄金三明治🥪
190度，只烤了5分钟，边角有些黑焦了#早餐•2021年5月7日#,超级好吃的黄金三明治🥪
不切吐司边也很好吃呦～,超级好吃的黄金三明治🥪
分享图片,超级好吃的黄金三明治🥪
#早餐•2020年7月11日#,超级好吃的黄金三明治🥪
加了培根、鸡蛋、肉松、芝士、沙拉酱、黑椒酱，吐司片烤后很酥脆，培根加黑椒酱有熏肉的香味，太爱了！完胜面包店！,超级好吃的黄金三明治🥪
"没有火腿片放了培根和肉松和溏心蛋
蛋液用淡奶油调了 
剩下的吐司边也没有浪费 烤了刷柑橘蜜的和刷孜然椒盐的  咔吱咔吱的太好吃٩( ˃̶͈̀௰˂̶͈́ )و",超级好吃的黄金三明治🥪
#早餐•2020年4月25日# 儿子超爱吃三明治,超级好吃的黄金三明治🥪
感谢亲，我再也不用一边吃一边掉吐司里面的东西了，尤其是我闺女，这次拿鸡蛋液固定封口，那些保鲜膜包装袋之类不太想用。,超级好吃的黄金三明治🥪
宝贝的最爱，一天几大碗。,绿豆汤
喜欢甜的，多放些冰糖就好了^o^,绿豆汤
万能蒸蛋器,绿豆汤
当饮品啦。啦啦啦！,绿豆汤
第一次做，不错。,绿豆汤
烧仙草绿豆汤,绿豆汤
